{
    "accuracy": 0.7729591836734694,
    "precision": 0.7754764524719533,
    "recall": 0.7876114015349789,
    "f1": 0.7710280373831775,
    "confusion_matrix": [
        [
            339,
            134
        ],
        [
            44,
            267
        ]
    ]
}