{
    "accuracy": 0.7729591836734694,
    "precision": 0.7712007290954659,
    "recall": 0.7832063248200241,
    "f1": 0.7700622165981229,
    "confusion_matrix": [
        [
            347,
            126
        ],
        [
            52,
            259
        ]
    ]
}