{
    "accuracy": 0.5942028985507246,
    "precision": 0.612773447322102,
    "recall": 0.5942028985507246,
    "f1": 0.5767798466593648,
    "confusion_matrix": [
        [
            275,
            70
        ],
        [
            210,
            135
        ]
    ]
}