{
    "accuracy": 0.7576530612244898,
    "precision": 0.765321257979992,
    "recall": 0.7760276812845421,
    "f1": 0.7564102564102564,
    "confusion_matrix": [
        [
            325,
            148
        ],
        [
            42,
            269
        ]
    ]
}