{
    "accuracy": 0.7704081632653061,
    "precision": 0.7774251477454533,
    "recall": 0.7888010441663325,
    "f1": 0.7691446968061091,
    "confusion_matrix": [
        [
            331,
            142
        ],
        [
            38,
            273
        ]
    ]
}