{
    "accuracy": 0.6028985507246377,
    "precision": 0.626884226884227,
    "recall": 0.6028985507246377,
    "f1": 0.5832010582010583,
    "confusion_matrix": [
        [
            283,
            62
        ],
        [
            212,
            133
        ]
    ]
}