{
    "accuracy": 0.7589285714285714,
    "precision": 0.7655633894764329,
    "recall": 0.776534129147604,
    "f1": 0.7575555282856792,
    "confusion_matrix": [
        [
            327,
            146
        ],
        [
            43,
            268
        ]
    ]
}