{
    "accuracy": 0.7767857142857143,
    "precision": 0.7827930890489613,
    "recall": 0.7946370910178582,
    "f1": 0.7754261910023161,
    "confusion_matrix": [
        [
            335,
            138
        ],
        [
            37,
            274
        ]
    ]
}