{
    "accuracy": 0.7538265306122449,
    "precision": 0.7632753790159985,
    "recall": 0.7734070685166177,
    "f1": 0.7527803873834868,
    "confusion_matrix": [
        [
            321,
            152
        ],
        [
            41,
            270
        ]
    ]
}