word,definition
u,"The word ""U"" refers to a nonimmigrant visa status in the United States for victims of crimes, also known as the U visa. It allows victims to stay in the U.S. temporarily while they cooperate with law enforcement investigations."
tsu,"TSU stands for Tennessee State University, a thriving public institution of higher learning. It offers educational programs, campus resources, and services for students, visitors, and staff."
httptcojummwiayt,
tall,"Based on the information provided, ""tall"" refers to a program or initiative called TALL Texans, which is part of a professional development curriculum for librarians. It appears to be a structured learning program with requirements, curriculum, and opportunities for participants."
blonde,"The word ""blonde"" refers to a person with naturally light-colored hair, typically golden or pale yellow. It can also be used as an adjective to describe something related to blond hair or people with that hair color."
not gonna,"The phrase ""not gonna"" is used to express that something is not going to happen or is not going to be the case. It is often used in a casual, conversational way to indicate a negative outcome or a refusal."
win,"WIN is an organization that provides career readiness resources, including assessments and courseware, to help students prepare for their future careers."
weirdo,A weirdo is a person who is very strange or eccentric.
sarcasm,"Sarcasm is the use of bitter or mocking words, often disguised as humor, to express contempt or cause pain. It is typically seen as a negative way to deal with anger or frustration."
shit,"The word ""shit"" is a strong, informal word used to express disgust, frustration, or annoyance. It can also be used casually to refer to something unpleasant or to emphasize a point."
sarcasm,"Sarcasm is the use of bitter or mocking words, often disguised as humor, to express contempt or cause pain. It is typically seen as a negative way to deal with anger or frustration."
backround,A backround is the background or the part of an image or scene that is behind the main subject. It can also refer to the context or history related to something.
sarcasm,"Sarcasm is the use of bitter or mocking words, often disguised as humor, to express contempt or cause pain. It is typically seen as a negative way to deal with anger or frustration."
life,"Life is the state of being alive, involving growth, reproduction, and the ability to respond to the environment. It encompasses all living organisms and their processes."
darn,"Darn means to repair a hole or damage in fabric, often using thread. It can also be used informally to express frustration or exasperation."
sock joke,"A sock joke is a humorous joke that involves socks, often with wordplay or a funny twist related to socks, like puns on words such as ""toe,"" ""heel,"" or ""wool."""
needs fixing,"""Needs fixing"" means something is not working properly and requires repair, improvement, or correction."
fifa,"FIFA is a global organization that governs association football (soccer), managing international competitions, setting rules, and overseeing the sport's development worldwide."
orionlaunch,"OrionLaunch refers to the Orion spacecraft program, which is designed to carry astronauts into space, including missions to the Moon and Mars. It is developed by NASA in partnership with Lockheed Martin."
orion,"Orion is a company that offers a variety of products and services, including high-performance car audio systems, investment advisory services, and portfolio solutions. It operates through different brands and divisions, providing options for audio equipment, financial planning, and wealth management."
der,"A **DER** stands for Distributed Energy Resource, which is a system that generates or stores energy, such as solar panels, wind turbines, or batteries, and can be used to supply electricity to a building or grid."
sarcasm,"Sarcasm is the use of bitter or mocking words, often disguised as humor, to express contempt or cause pain. It is typically seen as a negative way to deal with anger or frustration."
getthefuckout,"""Get the fuck out"" is a phrase that means to leave a place or situation, often used in a direct or urgent way. It can also be the name of a coffee brand."
murders,"Murders are unlawful killings where someone intentionally takes another person's life. They are considered serious crimes and are typically classified into different degrees based on the circumstances, such as premeditation or method used."
liar,"A **liar** is someone who tells falsehoods or lies, often in order to deceive others."
sassy,"Sassy means being cheeky, playful, and a bit mischievous, often in a cheerful and non-offensive way. It can describe a person or style that is slightly provocative but not overly so."
rbrnetwork,"The term ""rbrnetwork"" refers to a network involving the RETINOBLASTOMA-RELATED (RBR) protein in plants, specifically in *Arabidopsis thaliana*, and is related to its roles and regulation in biological processes."
jtarleta,"The provided information does not include a clear definition for the word ""jtarleta."""
not,"The word ""not"" is used to negate something, meaning the opposite. It can also be used in phrases and expressions to show disagreement, refusal, or to emphasize something."
long to go,"The phrase ""long to go"" refers to the time or duration needed to progress from one academic stage to another, such as from junior to senior year."
mainstream,"Mainstream refers to something that is widely accepted, common, or popular among the general public."
pitch,"Pitch is a sticky, slow-flowing substance used in jewelry making, often made from coke, tar, and gases. It has very high viscosity and is used to create smooth, uniform surfaces when shaped."
surgery,"Surgery is a medical procedure where a doctor uses instruments to treat a condition, often by cutting into the body. In the context of bariatric surgery, it refers to procedures that help with weight loss and related health issues."
memo,"Memo refers to a data platform used in public relations to track and analyze media coverage, providing insights into brand visibility, reporter interactions, and media trends. It helps PR professionals make informed decisions and measure the impact of their communication efforts."
reg nonnuclear baltic sea,"The term ""reg nonnuclear Baltic Sea"" likely refers to a regional security arrangement focused on the Baltic Sea area that does not involve nuclear weapons. It emphasizes cooperation among nations in the region to enhance defense and security through non-nuclear means, such as military readiness, intelligence sharing, and diplomatic efforts."
exam na jud,"Exam na Jud is a sample test booklet used for assessing knowledge in grammar, vocabulary, and sentence structure, typically as part of a final exam for a Computer Science course."
killusslowly,"The phrase ""kill us slowly"" is used metaphorically to describe a process of gradual harm or destruction, as seen in the context of criticism against Indonesia's Omnibus Law, where protesters feel the law is slowly harming workers' rights and the environment."
irony,"Irony is a situation where the opposite of what is expected happens, often in a surprising or humorous way. It can also involve saying the opposite of what is meant."
viral,"Viral refers to something that spreads rapidly, especially through digital platforms, often becoming very popular or widespread online."
bitcoin,Bitcoin is a decentralized digital currency that allows peer-to-peer transactions without the need for a central authority. It uses a technology called blockchain to record transactions securely and transparently.
babyboomers,"Babyboomers are people born during the period following World War II, generally between the years 1946 and 1964."
file under,"""File Under"" is a title of a book that explores the concept of slime through various literary and theoretical references, offering a creative and analytical examination of the subject."
hipsters,"Hipsters are people who follow a certain lifestyle and style, often associated with independent music, vintage fashion, and an interest in niche culture. They are sometimes linked to specific regions and can have different subcultures within them."
irony,"Irony is a situation where the opposite of what is expected happens, often in a surprising or humorous way. It can also involve saying the opposite of what is meant."
brooklyn,"Brooklyn is a borough of New York City known for its diverse culture, historic landmarks, and local newspapers like The Brooklyn Daily Eagle. It is home to famous institutions such as the Brooklyn Academy of Music and the Brooklyn Museum."
u,"The word ""U"" refers to a nonimmigrant visa status in the United States for victims of crimes, also known as the U visa. It allows victims to stay in the U.S. temporarily while they cooperate with law enforcement investigations."
sarcasm,"Sarcasm is the use of bitter or mocking words, often disguised as humor, to express contempt or cause pain. It is typically seen as a negative way to deal with anger or frustration."
badass,"A **badass** is someone who is strong, confident, and fearless, often in a way that is empowering and inspiring, especially for women. It refers to someone who takes charge and stands up for themselves and their community."
drama,"Drama is a form of artistic expression that tells a story through performance, often involving conflict, emotion, and character development. It can be performed on stage, screen, or in other media."
social media,"Social media refers to online platforms where people can create, share, and interact with content, such as posts, photos, and videos. It includes sites like Facebook and Twitter, and it plays a big role in how teens communicate and learn about the world."
how dare,"The phrase ""how dare you"" is used to express strong disapproval or shock at someone's actions or words. It is typically followed by a verb, such as ""how dare you speak to me like that."" The form ""how dare you are"" is not correct grammatically."
intelligent conversation,"An intelligent conversation is a meaningful and thoughtful exchange of ideas between people who are interested in discussing topics in a deep, logical, and informed way."
bird of prey,"A bird of prey is a bird that hunts and feeds on other animals, using its sharp claws and beak. Examples include eagles, hawks, and falcons."
httptconygekprl,
via youtube,"""Via YouTube"" refers to a method or channel through which content is shared or accessed using YouTube. It means using YouTube as the platform to view, watch, or share videos."
noo,"Noo is a brand that offers a variety of products including clothing, accessories, and home wear, with a focus on quality and sustainability. It also provides services like account management, refunds, and customer support."
again,Again is a company that uses advanced technology to create clean and resilient supply chains. They build chemical plants quickly and work with industry partners to reduce carbon emissions and improve industrial processes.
its,"ITS is a company that provides services related to logistics, shipping, and terminal operations, including tracking orders, managing cargo, and offering tools and equipment. It also has a website with information about its products, services, and contact details."
on,"The word ""on"" in this context refers to a brand that makes performance running shoes and clothing, inspired by athletes and powered by Swiss engineering. It encourages movement and innovation for a sustainable future."
pickanewsong,**pickanewsong** means to choose a different song to play after the current one has finished.
cantstandit,"The word ""cantstandit"" refers to a daily song discussion thread on the Reddit subreddit r/wilco, where users share and discuss songs."
hipster,"A hipster is a type of underwear, typically worn by men, that is comfortable, seamless, and designed to fit closely against the body."
irony,"Irony is a situation where the opposite of what is expected happens, often in a surprising or humorous way. It can also involve saying the opposite of what is meant."
teenanalcasting,
top,"Top is a term that can refer to the highest point or position, such as the top of a mountain or the top of a class. It can also be a nickname, as in the case of the South Korean singer T.O.P., who is a member of the group BigBang."
top,"Top is a term that can refer to the highest point or position, such as the top of a mountain or the top of a class. It can also be a nickname, as in the case of the South Korean singer T.O.P., who is a member of the group BigBang."
be like,"The phrase ""be like"" is a casual, informal way of saying ""are like"" or ""is like,"" often used in memes and internet slang to describe how people or groups typically react or feel in a humorous or exaggerated way. It's not grammatically correct in standard English but is widely used in casual speech and online culture."
sundownheaventown,"""Sundown Heaven Town"" is the title of a song by the band The Black Keys. It is a track from their 2010 album *El Camino*. The song features a mix of blues and rock styles and is known for its catchy melody and lyrics that evoke a sense of nostalgia and reflection."
timmcgraw,"Tim McGraw is a popular country music artist known for his songs and tours. He also has an official website where fans can find updates, music, and tour information."
teenanalcasting,
sex,"Sex refers to the biological and physiological characteristics that define males and females, such as chromosomes, hormones, and reproductive anatomy."
anal,"Anal refers to the back passage or rectum, and it is related to the area around the anus. In medical contexts, it often refers to conditions or diseases affecting this region, such as anal cancer or anal intraepithelial lesions."
carries,"Carries refers to the action of supporting or moving something, often with effort, and can also mean the continuation or persistence of something, like a trend or idea."
outfit,"An **outfit** is a set of clothing worn together, often for a specific purpose or to make a statement. It can also refer to a style or look, like a cowboy outfit, and sometimes symbolizes a cultural or national identity."
buried,"The word ""buried"" means hidden underneath the ground, often as a result of being placed there intentionally or through natural processes."
perfect way to start a rainy wednesday work day off,"The perfect way to start a rainy Wednesday work day off is to take a break, enjoy the rain, and relax without the stress of work."
not,"The word ""not"" is used to negate something, meaning the opposite. It can also be used in phrases and expressions to show disagreement, refusal, or to emphasize something."
annoyed,Annoyed means feeling irritated or upset because something is bothering you.
pissed,"The word ""pissed"" means very angry or upset."
posh,"Posh is a company that helps people buy and sell items with confidence, offering services like secure payments, free authentication, and easy shipping. It also provides tools and resources for sellers and shares insights on AI and banking."
stickoutlikeasorethumb,"The word ""stickoutlikeasorethumb"" means to stand out in a noticeable or awkward way, often in a negative sense."
socute,Socute is not a standard word and does not have a clear definition based on the provided information. It may be a misspelling or a combination of words.
moreweeks,"""Moreweeks"" is not a standard word or term. It appears to be a combination of ""more"" and ""weeks,"" which could be used informally to mean an additional number of weeks. However, in the context provided, it is not a recognized medical or standard term."
reaaaal,"The word ""reaaaal"" is an exaggerated way of saying ""real,"" often used in internet slang to express excitement, disbelief, or emphasis."
considerate,Considerate means showing that you think about how other people feel and act in a way that is kind and thoughtful towards them.
not,"The word ""not"" is used to negate something, meaning the opposite. It can also be used in phrases and expressions to show disagreement, refusal, or to emphasize something."
no sugar during christmas time,"**No sugar during Christmas time** means avoiding sugar, especially refined sugar, in holiday foods and activities, often to promote healthier eating or accommodate dietary restrictions."
schedule,"A schedule is a plan that shows when things are going to happen, like meetings, tasks, or events. It helps you organize your time and keep track of what you need to do."
afternoon,"The word ""afternoon"" refers to the part of the day between noon and evening, often associated with a time of decreasing light and sometimes used metaphorically to suggest a period of decline or transition."
fun,"Fun is something that brings pleasure, enjoyment, or amusement. It can describe a situation that is pleasant and enjoyable or a person who is lively and entertaining."
not,"The word ""not"" is used to negate something, meaning the opposite. It can also be used in phrases and expressions to show disagreement, refusal, or to emphasize something."
paki,"The word ""paki"" is a derogatory term used in the Philippines, often as part of slurs like ""Paki-bashing,"" to refer to people of South Asian descent, particularly those from India, Pakistan, or Bangladesh. It is used in a racist and offensive way."
n,"n is a command-line tool used to download, install, and manage different versions of Node.js. It allows you to install specific versions, list available versions, and manage cached versions."
them,"The word ""them"" refers to a pronoun used to point to people or things that are not the speaker or listener, often in a general or distant way. It can also be used to refer to a group of people or things previously mentioned."
petrofac cup,The Petrofac Cup was a football competition sponsored by Petrofac from 2014 to 2016. It was part of the Scottish Challenge Cup.
holiday rituals,Holiday rituals are traditions and practices followed during religious or cultural holidays that help people find meaning and can affect their relationships and satisfaction in marriage.
true africans,"**True Africans** refers to people who are descendants of the original inhabitants of Africa and identify strongly with African heritage, culture, and history. It often emphasizes a connection to Africa's roots and can be used to distinguish from those who may have mixed ancestry or identify differently."
er,ER is a television show that focuses on the lives and work of medical staff in an emergency room. It is known for its dramatic storytelling and portrayal of real-life medical challenges.
suhs,"SUHS stands for South Umpqua High School, a high school that serves students in grades 9-12 and offers a variety of educational programs to help students succeed."
studs,"**Definition of ""studs"":**

**Studs** are small, usually metallic or gem-encrusted, protruding elements that are attached to clothing, accessories, or jewelry. They are commonly used for decorative purposes, to add texture, or to create a bold, edgy, or fashionable look. 

In jewelry, **studs** typically refer to small earrings or nose rings that are worn by piercing. For example, **ear studs** or **nose studs** are popular forms of body jewelry.

**Synonyms:**  
- Earrings (when referring to ear studs)  
- Nose rings (when referring to nose studs)  
- Decorative embellishments  

**Example:**  
She wore silver **studs** in her ears that caught the light beautifully."
perfecting and teaching my bench,"**perfecting and teaching my bench** means improving your skills through practice and learning from experienced people, while also sharing your knowledge and helping others at the workbench."
props on form from lifters in al,"The word ""props"" refers to the rotating blades on a drone that provide lift and control during flight. In the context of Tiny Whoop drones, ""props"" are the small blades that help the drone fly and are important for performance and stability."
dyel,"DYEL is an internet slang term used to imply that someone looks or sounds weak, or that their fitness routine isn't effective. It is short for ""Do You Even Lift?"" and is often used to mock someone's lack of muscle or fitness results."
haley,"Haley is a character in the game Stardew Valley. She is Emily's sister, lives in Pelican Town, and is known for her strong personality. She can be friendly but sometimes acts childish, and she enjoys baking and throwing cake-themed events."
ratsofinstagram,"The word ""ratsofinstagram"" appears to be a misspelling or a combination of words, likely referring to someone who reports or criticizes content on Instagram. It may also be a typo for ""Rats of Instagram"" or a username. However, it is not a standard term or definition."
httptcoyvggcapchg,
bhopalgastragedy,"The Bhopal gas tragedy was a severe industrial disaster that occurred in 1984 when a gas leak from a chemical plant in Bhopal, India, caused massive casualties and long-term health and environmental damage."
sarcasm,"Sarcasm is the use of bitter or mocking words, often disguised as humor, to express contempt or cause pain. It is typically seen as a negative way to deal with anger or frustration."
pips,"Pips is an Italian restaurant located in Brooklyn Heights, known for its fresh pasta, dinner service, and happy hour. It offers reservations and is part of the BentoBox network."
kirya,"Kirya refers to a place or area, often associated with specific locations such as a tower or a region, and can also be a surname."
eir,"EIR stands for Entrepreneurial Internship Program, which is a competition offering internships to students, with historical competition information available for various years."
spix,"Spix's macaw is a rare blue parrot native to Brazil. It is the only species in its genus, named after the German naturalist Johann Baptist von Spix. Once thought extinct, it is now the focus of conservation efforts, including captive breeding and reintroduction programs in Brazil."
tht,"THT stands for The Hanover Theatre, which offers various programs and benefits, including health coverage through COBRA and enrollment options for employees and retirees."
ey,"EY is a global professional services firm that offers consulting, auditing, tax, and advisory services to help businesses and organizations achieve their goals and navigate challenges like technology transformation, sustainability, and growth."
not a school dropout,"The word is likely ""graduated"" or ""completed school.""  
Definition: Someone who finished their education and did not leave school before completing."
freebiebookdownload,
freebiebookdownload,
httptcoyladscyf,
pets,"Pets are animals that people keep and care for, often as part of their family. They can include dogs, cats, and other animals, and they rely on their owners for food, shelter, and love."
trestman,"A Trestman is a person, specifically referring to Robert Lee Trestman, a psychiatrist and professor who works at Carilion Clinic and the Virginia Tech Carilion School of Medicine. He is known for his expertise in psychiatry and population health, as well as his involvement in fencing as both a saber and foil fencer."
disgraceful,"Disgraceful means causing or deserving disgrace, and is used to describe behavior or actions that are shameful or dishonorable."
stand a chance,"""Stand a chance"" means to have a possibility of succeeding or achieving something."
loooovvvee,"The word ""loooovvvee"" is a playful, exaggerated spelling of ""love,"" often used to express strong affection or admiration in a fun or dramatic way."
not,"The word ""not"" is used to negate something, meaning the opposite. It can also be used in phrases and expressions to show disagreement, refusal, or to emphasize something."
nothink,"Nothink è un marchio di scarpe che permette di cambiare facilmente il tacco per adattarsi a diverse occasioni, combinando stile e comfort."
handle,"A handle is a part designed to be grasped by the hand, often found on tools or objects. It can also mean to manage or deal with something, or refer to a name or title."
crazy,"The word ""crazy"" generally means behaving in a way that is strange, unpredictable, or not normal, often in a humorous or exaggerated way. It can also mean having a lot of energy or enthusiasm."
shift,"Shift refers to a change or movement, often in direction, position, or condition. In the context provided, ""Shift"" is the name of an AI technology company that uses advanced tools to improve insurance processes, detect suspicious claims, and enhance customer outcomes."
pass out,"**Pass out** is a phrasal verb that means to become unconscious or to lose consciousness. It can also mean to give something to people, such as distributing materials."
sarcasm,"Sarcasm is the use of bitter or mocking words, often disguised as humor, to express contempt or cause pain. It is typically seen as a negative way to deal with anger or frustration."
ignored,"Ignored means not paid attention to, not considered, or not acted upon."
not,"The word ""not"" is used to negate something, meaning the opposite. It can also be used in phrases and expressions to show disagreement, refusal, or to emphasize something."
not,"The word ""not"" is used to negate something, meaning the opposite. It can also be used in phrases and expressions to show disagreement, refusal, or to emphasize something."
httptcoovzhqch,
httptcowxdbiwm,
irony,"Irony is a situation where the opposite of what is expected happens, often in a surprising or humorous way. It can also involve saying the opposite of what is meant."
bill cosby,"Bill Cosby is an American comedian, actor, and television producer known for his stand-up comedy, television shows like *The Cosby Show*, and his role as a cultural icon. He also faced legal issues related to sexual assault allegations."
veronicamars,"*Veronica Mars* is a television series about a young detective who solves crimes in her small town, while dealing with personal challenges and relationships."
cliffhuxtable,"Cliff Huxtable is a character from the TV show *The Huxtable Family*, known for his intelligence, humor, and role as the father of the family."
tv dad,"TV DAD is an online store that sells clothing and accessories, including tops, shirts, headwear, and pins. It offers free shipping on orders over $100 and has social media links, contact information, and a return policy."
michael sam,"Michael Sam is a former American football player who became the first openly gay player in the NFL. He was known for his honesty, courage, and dedication to sports, and he received recognition for his achievements and advocacy."
jason collins,Jason Collins was an NBA basketball player who played as a center for the Brooklyn Nets. He became the first active gay NBA player when he came out in 2013 and retired from the league in 2014.
rt,"RT is a news media organization that provides breaking news, world news, and entertainment content. It also offers a mobile app for Android users to watch videos and manage their viewing lists."
eonline,"eonline is a website that provides entertainment news, celebrity updates, gossip, photos, and videos. It is owned by E! Entertainment Television and offers content about celebrities, fashion, movies, and TV shows."
major league baseball umpire,"A major league baseball umpire is a person who officiates games in the highest level of professional baseball, making decisions on plays and enforcing the rules."
comes out as gay,"""Comes out as gay"" means a young person tells their parents or loved ones that they are gay, which is a part of their sexual orientation. This moment can be surprising and emotional for the family, as it changes how they see their child and requires them to adjust and support their child's identity."
final jeopardy,**Final Jeopardy** is a final round in the game show *Jeopardy!* where contestants answer one last question to win the most money.
kids jeopardy,"**Kids Jeopardy** is a game or quiz designed for children, where they answer fun and educational questions in a Jeopardy-style format."
bc,"BC stands for Bakersfield College, a community college that offers educational programs, supports student experiences, and provides various services and events for its students and the community."
ur,"The word ""ur"" is an abbreviation that can stand for different things depending on the context. In some cases, it may refer to the University of Richmond or the University of Rochester. It is often used as a short form for these educational institutions."
convos,"Convos is a simple and responsive IRC client that works on any device and can be installed on a home server, cloud service, or in Docker. It offers an easy way to use IRC with a focus on simplicity and online accessibility."
figuring out ur weaknesses,"Figuring out your weaknesses means identifying the areas where you struggle, what drains your energy, and how these aspects affect your work and personal life. It's about understanding your limitations so you can work on improving them or adjusting your approach to minimize their impact."
todestroy u later in life,"The word ""to destroy"" means to cause serious harm or damage to something, often leading to its complete loss or ruin."
sarcasm,"Sarcasm is the use of bitter or mocking words, often disguised as humor, to express contempt or cause pain. It is typically seen as a negative way to deal with anger or frustration."
woke up,"""Woke up"" means to stop sleeping and begin being awake."
showered,"Showered means to cover something with a large amount of something, like rain or water, or to give someone a lot of something, like attention or gifts."
made a lunch,"""Made a lunch"" means you prepared a meal, usually for later, such as a packed lunch to take to work or eat during the day. It refers to creating a specific meal, often with items like sandwiches, fruit, or yogurt. The word ""a"" shows that it is one of many possible lunches you could make."
got ready for work,"The word ""got ready for work"" means to prepare oneself for going to work, such as getting dressed, having breakfast, and gathering necessary items."
realize,"Realize is a platform that connects professionals through interactive sessions, events, and programs, offering opportunities for learning, networking, and collaboration."
whole weekend off,"The phrase ""whole weekend off"" means having no work or responsibilities for the entire weekend."
middleclass,"The word ""middleclass"" refers to a social group that is neither wealthy nor poor, often characterized by moderate income and lifestyle. It can also refer to a programming library used in Roblox for object-oriented programming."
z,"The word ""Z"" refers to a pulsed power facility at Sandia National Laboratories, used for high-energy physics research, and also appears as the title of a horror movie. In the context of the movie, ""Z"" is a mysterious entity or presence that haunts the characters."
reckon,"Reckon is a tool used to convert CSV files into ledger format, helping to organize financial data. It can handle headers, learn from existing ledger files, and is used with specific command-line options."
fancy,"Fancy means stylish, elegant, or luxurious, often referring to items that are attractive and high-quality."
straight women,"Straight women are women who identify as heterosexual, meaning they are romantically and sexually attracted to men. The information provided highlights how straight women's choices and behaviors are sometimes seen as puzzling, and how their perspectives are often represented in literature and social contexts."
straight men,"A straight man is a performer in comedy who provides serious, straightforward responses to a comedian's jokes, often serving as a contrast to highlight the humor. They are less likely to be the ones laughing and more often support the comedian's act."
victoria secret models,Victoria's Secret models are current and former fashion models who have walked in the Victoria's Secret Fashion Show since 1995. They are also known as Victoria's Secret Angels and have participated in various shows and events related to the brand.
prosthetics,"Prosthetics are artificial devices designed to replace missing body parts, such as limbs or eyes, to help people regain function and mobility. They have been used for thousands of years and continue to evolve with advances in materials and technology."
mix tapes,"A mix tape is a collection of audio tracks, usually recorded onto a cassette or compact disc, that is created to share music with others. It is often used to express personal taste or to share songs with friends."
httptcopgzuihg,
undergroundhiphop,"Underground hip hop is a style of hip hop music that is created and distributed outside of the mainstream music industry, often by independent artists who focus on authenticity and innovation rather than commercial success."
nicha,"A nicha is a small niche or recess, often used in architecture or design to hold an object or display something."
femalecondom,"A female condom is a thin, flexible sheath worn inside the vagina to prevent pregnancy and protect against sexually transmitted infections. It is also known as an internal condom."
anally,"Anally is an adverb meaning in or relating to the anus, or in informal usage, it can describe someone who is extremely neat, careful, or precise."
vaginally,"Vaginally means applying or administering something through the vagina, such as medication or treatment."
prevent stdshivpregnancy,"**prevent stdshivpregnancy** refers to efforts and programs aimed at stopping or reducing the risk of sexually transmitted infections (STIs), human immunodeficiency virus (HIV), and teenage pregnancy, often through education, skill-building, and community-based interventions."
restrictivetight,"The word ""restrictivetight"" describes something that is tight and limits movement or freedom."
womengay men,"Women and gay men are individuals who can have healthy, platonic friendships without one being dependent on the other. The text highlights the importance of treating gay men as equals, not as accessories or substitutes for meaningful relationships with straight men."
chico,"The word ""chico"" refers to a male person, often used as a term of endearment or in a casual, friendly manner. It is also the name of a clothing brand based in Florida."
biscuit,"A biscuit is a soft, buttery baked treat made from scratch, typically using flour, butter, and other simple ingredients, shaped with a cutter and baked until golden."
not,"The word ""not"" is used to negate something, meaning the opposite. It can also be used in phrases and expressions to show disagreement, refusal, or to emphasize something."
mine,"Mine refers to a company that provides data privacy and governance solutions for both organizations and individuals, helping them manage personal data, ensure compliance, and protect privacy online."
mini,"A **mini** is a small, stylish car made by the MINI brand, known for its compact size and unique design. It comes in various models like the Countryman, Cooper, and Convertible."
miss,"The word ""miss"" in this context refers to a nonprofit organization that provides support and care for bereaved and grieving parents and families, offering a place of hope and respite."
niagra falls,"Niagara Falls is a group of waterfalls located on the Niagara River, where it flows from Lake Erie into Lake Ontario. The falls consist of three main sections: Horseshoe Falls (on the Canadian side), American Falls, and Bridal Veil Falls (both on the American side). They are a popular tourist attraction and part of the Niagara Falls National Heritage Area."
tho,"Tho can refer to a person's name, such as Tho Le, an assistant professor, or it can be an abbreviation for Thor Industries, Inc., a company listed on the NYSE. It may also be used informally as a term of endearment or to express hesitation."
irony,"Irony is a situation where the opposite of what is expected happens, often in a surprising or humorous way. It can also involve saying the opposite of what is meant."
lol,"""lol"" is an informal way of saying ""laugh out loud,"" often used in text messages or online to show that someone finds something funny. It can also be used as a verb, and in some cases, it's combined with other words like ""lolwut"" to express confusion or bemused laughter."
put us th in the world rankings,"The phrase ""put us in the world rankings"" means to position a university or institution at a high rank globally in international university rankings."
youboysingreen,"The word ""youboysingreen"" does not have a clear definition based on the provided information. It does not appear to be a standard word or term in the given context."
faireland,Faireland is not mentioned or defined in the provided information.
sarcasm,"Sarcasm is the use of bitter or mocking words, often disguised as humor, to express contempt or cause pain. It is typically seen as a negative way to deal with anger or frustration."
myanmar,"Myanmar is a country in Southeast Asia. It has experienced ongoing conflict and human rights issues, including military actions that have caused civilian casualties. The country also faces challenges related to fuel supply and international concerns over its situation."
plead,"To plead not guilty means to formally state that you do not admit guilt in a legal case, usually during a court appearance."
not,"The word ""not"" is used to negate something, meaning the opposite. It can also be used in phrases and expressions to show disagreement, refusal, or to emphasize something."
guilty,"Guilty means being responsible for a crime or wrongdoing, and admitting to it in a legal proceeding."
murder,"Murder is the unlawful killing of another person with malice aforethought, and it can be classified as capital murder if it involves specific aggravating circumstances such as killing a peace officer or committing the act for remuneration."
british,"The word ""British"" refers to something related to the United Kingdom, its people, culture, or government. It can also describe people or things associated with Britain, such as its literature, philosophy, or overseas territories."
tourists,"Tourists are people who visit a place for leisure, recreation, or to see attractions, rather than staying there permanently."
tribunal,"A tribunal is a court or judicial body that tries serious crimes, such as war crimes or genocide, often in international settings."
intelligence services,"Intelligence services are organizations responsible for gathering, analyzing, and disseminating information to support national security, defense, and policy-making. They operate both domestically and internationally to monitor threats and protect a country's interests."
upheld,Upheld means to support or confirm something as being correct or true.
trustthesystem,"Trust the system is a phrase that encourages people to rely on the system or process, even if it may not always work perfectly. It suggests having confidence in the system despite potential failures."
not,"The word ""not"" is used to negate something, meaning the opposite. It can also be used in phrases and expressions to show disagreement, refusal, or to emphasize something."
nothink,"Nothink è un marchio di scarpe che permette di cambiare facilmente il tacco per adattarsi a diverse occasioni, combinando stile e comfort."
fck,"FCK stands for Fußball-Club Kaiserslautern, a German football club based in Kaiserslautern. It is also known as 1. FCK or simply K'lautern."
nato,NATO is a military alliance of countries in North America and Europe that work together for collective defense and security.
expand,"Expand refers to the process of increasing in size, scope, or extent. In the context provided, it is also the name of a database and biorepository at Baylor College of Medicine that collects data and biosamples from commercial spaceflight participants for research."
irony,"Irony is a situation where the opposite of what is expected happens, often in a surprising or humorous way. It can also involve saying the opposite of what is meant."
work,"Work is the energy transferred when a force acts on an object, causing it to move. It is measured in joules and is closely related to the change in kinetic energy of an object."
nomoney,**No Money** adalah sebuah latihan olahraga yang digunakan untuk meningkatkan kontrol scapular dan kekuatan otot rotator cuff. Latihan ini membantu dalam memperkuat dan mengontrol area bahu secara efektif.
parttimecooks,**Parttimecooks** is a YouTube channel.
blackmossptc,"Blackmossptc is a musical artist based in Durban, known for creating tracks like ""Liquid K-ZN (Freestyle)"" and ""Walala."" Their music is available on SoundCloud."
leo,"LEO is a company that provides online dictionaries and language learning tools for several language pairs, including English and German. It also offers vocabulary trainers, grammar references, and language courses."
trickle down fairy,"The ""trickle-down fairy tale"" refers to the belief that benefits given to the wealthy, such as tax cuts, will eventually ""trickle down"" to help everyone else, especially the poor. It is a term used to criticize the idea that wealth inequality is not a problem and that economic growth will automatically benefit all levels of society."
rbrnetwork,"The term ""rbrnetwork"" refers to a network involving the RETINOBLASTOMA-RELATED (RBR) protein in plants, specifically in *Arabidopsis thaliana*, and is related to its roles and regulation in biological processes."
goteamslots,"The word ""goteamslots"" refers to a partner event slot for the game Monopoly Go, which can be pre-ordered for a low cost."
brianbullinger,"The word ""brianbullinger"" appears to be a misspelling or a variation of ""Bullinger Tree Service,"" which is a tree service company based in Bismarck-Mandan, North Dakota. It likely refers to the business or its owner, rather than a person named Brian Bullinger."
jtarleta,"The provided information does not include a clear definition for the word ""jtarleta."""
screaming,"The word ""screaming"" typically means making a loud, harsh sound, often expressing pain, anger, or excitement. In the context provided, ""Screaming Frog"" is the name of an SEO tool, not related to the sound ""screaming."""
her,"H.E.R. is a singer and songwriter known for her music, including songs like ""Back of My Mind"" and ""Trauma."" She shares her music on platforms like Instagram and Spotify."
lungs,"The lungs are organs in the respiratory system responsible for exchanging oxygen and carbon dioxide between the air we breathe and the blood. They can be affected by microplastics, which may accumulate there, cause inflammation, and damage lung tissue."
out,"**Out** means in the open, loud, or visible. It can also mean to finish, use up, or become known. It is often used to describe movement away from something or to show something is no longer hidden."
royalties,"Royalties are payments made to the owner of a right, such as a patent or copyright, for the use of their property, like music or technology. They can be ongoing or based on future use, and may be transferred to others."
slade,"Slade is a British rock band formed in 1969, known for their hit songs like ""Cum On Feel the Noize."" They gained fame in the 1970s and are remembered for their energetic performances and distinctive sound."
wizard,"A wizard is a person who is skilled in a particular area, often magic or technology, and can perform complex tasks or solve problems. It can also be a nickname or a title used in various contexts like media, music, or organizations."
sarcasm,"Sarcasm is the use of bitter or mocking words, often disguised as humor, to express contempt or cause pain. It is typically seen as a negative way to deal with anger or frustration."
highpoints,"Highpoints are the highest elevations of mountains or landforms, often used in climbing and geography to identify the tallest points in a region."
elf on shelf,"An elf on the shelf is a Christmas tradition where a small elf figurine is placed in a home each day during the holiday season, often as part of a story or activity to engage children in the magic of Christmas."
nannyprobss,"The word ""nannyprobss"" does not appear to be a standard word or term based on the provided information. It may be a misspelling or a non-standard term."
da,"DA stands for District Attorney, which is the official responsible for representing the government in legal cases, especially those involving crimes, and protecting the public interest."
sobra,"Sobra is an organization that hosts multiple events and finals across different arenas, offering memberships and opportunities for participants to compete in various categories. It also collaborates with other groups and provides information through its website and social media."
megatron,"Megatron is a powerful robot leader in a fictional universe, known for his strength, ambition, and rivalry with Optimus Prime. He is a key figure in stories involving battles between the Autobots and Decepticons."
transformers,"Transformers are a series of science fiction films that feature robots capable of transforming into vehicles or other objects. The series includes movies like *Transformers* (2007), *Transformers: Age of Extinction* (2014), and others."
irony,"Irony is a situation where the opposite of what is expected happens, often in a surprising or humorous way. It can also involve saying the opposite of what is meant."
irony,"Irony is a situation where the opposite of what is expected happens, often in a surprising or humorous way. It can also involve saying the opposite of what is meant."
trout,"Trout are a group of fish belonging to the genera Oncorhynchus and Salmo. They include many species such as rainbow trout, cutthroat trout, brown trout, and marble trout. They are typically found in freshwater environments and some species migrate to the sea."
northern pike,A northern pike is a type of fish known for its pointed snout and sharp teeth. It is a popular sport and food fish found in freshwater areas across North America. It is also called a pike or jackfish.
bogs,"Bogs is a brand that makes rain boots and other footwear, especially for kids, with features like slip resistance and different styles such as camo texture or strawberry designs. They often offer discounts and show original prices alongside sale prices."
mud,"The word ""mud"" refers to a thick, wet mixture of soil, water, and sometimes organic matter, often found in areas with heavy rainfall or near bodies of water. It is typically messy and can make walking or moving difficult."
boots,"Boots are footwear worn on the feet, typically with thick soles and stiff uppers, designed for protection and support, often used for walking, work, or outdoor activities."
sanjay,"Sanjay is a given name, typically of Indian origin, and in this context, it is the first name of a physician named Dr. Sanjay Goel, MD, MS, who is a Professor of Medicine at Rutgers Cancer Institute."
jimpetehoops,"The word ""jimpetehoops"" does not have a clear definition based on the provided information. It does not appear to be a recognized word or term in the given context."
butler,"A butler is a person who provides service, often in a formal or upscale setting, such as a restaurant or hotel. In the context given, ""butler"" refers to a restaurant or café that offers food and drinks, with locations in New York City."
minny,"Minny is a term that can refer to a small, rural community or a nickname for someone named Minerva. It is also the name of a company that supports small businesses by offering high-quality, locally made products."
wisdom teeth,"Wisdom teeth are the last set of adult teeth to grow in, usually between the ages of 17 and 25. They are also called third molars and are located at the very back of the mouth. Some people may need to have theirs removed if they cause problems."
not,"The word ""not"" is used to negate something, meaning the opposite. It can also be used in phrases and expressions to show disagreement, refusal, or to emphasize something."
structurally deficient bridges,"Structurally deficient bridges are bridges that need significant repair or replacement because their structural condition is poor, even though they are not necessarily unsafe."
sarcasm,"Sarcasm is the use of bitter or mocking words, often disguised as humor, to express contempt or cause pain. It is typically seen as a negative way to deal with anger or frustration."
lobbyinglife,"Lobbying is the act of trying to influence decisions made by people in power, such as government officials, to achieve a particular goal or outcome."
apple  oranges,"The idiom ""comparing apples and oranges"" refers to comparing things that are fundamentally different and therefore not easily comparable. It is often used to point out a false analogy or an invalid comparison."
lol,"""lol"" is an informal way of saying ""laugh out loud,"" often used in text messages or online to show that someone finds something funny. It can also be used as a verb, and in some cases, it's combined with other words like ""lolwut"" to express confusion or bemused laughter."
wun,"Wun is a person, specifically Ted Wun M.D., FACP, who is a leader at UC Davis Health. He works in research, education, and healthcare, focusing on improving health through scientific studies and teaching medical students."
mca,"MCA stands for Music Corporation of America, which is a record company that works with country music artists. It is mentioned in the context of releasing music, managing artists, and providing information about new artists and their achievements."
bhopalaprayerforrain,"""bhopalaprayerforrain"" is the title of a song composed by Rohan Puntambekar, released in 2014. It is part of an album inspired by the film ""Bhopal - A Prayer for Rain."""
subrotoroysahara,"The provided information does not offer a clear or meaningful definition for the word ""subrotoroysahara."" It appears to be a string of unrelated words or a random combination of characters."
irony,"Irony is a situation where the opposite of what is expected happens, often in a surprising or humorous way. It can also involve saying the opposite of what is meant."
fcs,"FCS is a brand that makes surfing equipment like fins, leashes, and towels. They also offer products for transporting and caring for surfboards."
bye weeks,"Bye weeks are weeks in the NFL season when a team does not play any games, giving them a break to rest and prepare for the next part of the season. Each team has one bye week during the season."
sarcasm,"Sarcasm is the use of bitter or mocking words, often disguised as humor, to express contempt or cause pain. It is typically seen as a negative way to deal with anger or frustration."
asksuperwomanlive,"The word ""asksuperwomanlive"" does not have a standard definition. It appears to be a combination of words or a specific term used in a particular context, possibly related to a live stream, a social media interaction, or a custom URL. Without additional context, it is difficult to provide a precise definition."
iisuperwomanii,"""IISuperwomanII"" is a pseudonym used by Lilly Singh when she first started making YouTube videos in 2010. She changed her username to ""Lilly Singh"" in 2019."
untrue,"**Untrue** is the debut studio album by the British electronic music artist Burial, released in 2007. It is known for its atmospheric and melancholic sound, blending elements of dubstep, drum and bass, and ambient music. The album received critical acclaim and is considered a landmark in the development of the dark, minimal sound associated with Burial's style."
cutlers,"Cutlers is a company that sells power equipment, parts, tools, and cookies. They have been in business since 1982 and offer customer support via phone and email."
malala yousufzai,Malala Yousufzai is a Pakistani schoolgirl who became famous for speaking out against the Taliban's ban on girls' education. She was shot in 2012 but recovered and became a global advocate for girls' education and women's rights.
nobelpeaceprize,"The Nobel Peace Prize is an award given to individuals or organizations that have made significant contributions to peace, reconciliation, and the promotion of human rights."
pakistan,"Pakistan is a country in South Asia. It is a federal parliamentary republic with a president as the head of state and a prime minister as the head of government. The capital is Islamabad. Pakistan is known for its diverse cultures, languages, and religions."
irony,"Irony is a situation where the opposite of what is expected happens, often in a surprising or humorous way. It can also involve saying the opposite of what is meant."
not so ugly christmas sweater,"A ""not so ugly Christmas sweater"" is a fun, eye-catching holiday sweater designed to stand out in a playful and unique way, often featuring humorous or quirky holiday themes."
red with red snowflakes  sequins cardigan,"A red sequins cardigan with red snowflakes is a sweater made of red fabric, decorated with red snowflakes and sequins, and designed to be worn as a cardigan."
x xl,"The term ""X XL"" refers to a size designation, typically indicating a large or extra-large size, often used in products like clothing or sunglasses. It may also be part of a product model or code, as seen in items like the TL-X XL or XL-1 Advanced Sunglasses."
excitingtimes,"""Excitingtimes"" is a hashtag used to express enthusiasm and excitement about new opportunities or positive changes in life. It often appears in social media posts to share happy moments or transitions."
not,"The word ""not"" is used to negate something, meaning the opposite. It can also be used in phrases and expressions to show disagreement, refusal, or to emphasize something."
delightful,"Delightful means causing a feeling of pleasure, joy, or satisfaction."
democracy,"Democracy is a system of government where people have the power to make decisions, usually through voting and choosing representatives."
republic,"Republic refers to a form of government in which power is held by the people, either directly or through elected representatives, and where the country is considered a single community."
goverment,Government is the system or group of people who manage and control a country or region.
pledge of allegiance,"The Pledge of Allegiance is a statement of loyalty to the United States, often recited during ceremonies and flag salutes. It expresses devotion to the flag and the nation, emphasizing unity, liberty, and justice for all."
says,"The word ""says"" is used to indicate what someone is stating or expressing. In the context provided, it is part of the brand name ""Lisa Says Gah,"" which is a clothing line, and ""says"" is not being used in its usual grammatical sense but as part of the brand's identity."
sarcasm,"Sarcasm is the use of bitter or mocking words, often disguised as humor, to express contempt or cause pain. It is typically seen as a negative way to deal with anger or frustration."
irony,"Irony is a situation where the opposite of what is expected happens, often in a surprising or humorous way. It can also involve saying the opposite of what is meant."
sarcasm,"Sarcasm is the use of bitter or mocking words, often disguised as humor, to express contempt or cause pain. It is typically seen as a negative way to deal with anger or frustration."
humour,"Humour is the use of words, actions, or situations to create amusement or laughter, often through wit, irony, or unexpectedness. It can appear in various forms and styles, and is not always meant to be satirical."
irony,"Irony is a situation where the opposite of what is expected happens, often in a surprising or humorous way. It can also involve saying the opposite of what is meant."
antennagrouprocks,"""antennagrouprocks"" είναι μια συνθετική ονομασία που αναφέρεται σε έναν ομιλητικό ομιλούμενο ή ομάδα που συνδέεται με την επικοινωνία και την ανταλλαγή πληροφοριών, όπως στο ραδιόφωνο ή το δίκτυο."
mariag,"The word ""mariag"" is not a standard word and appears to be a misspelling or a variation of ""Maria G,"" which refers to a person's name, specifically Maria G Cannistra, who passed away in 2025. It may be related to social media or obituary information."
mine,"Mine refers to a company that provides data privacy and governance solutions for both organizations and individuals, helping them manage personal data, ensure compliance, and protect privacy online."
stormageddon,"Stormageddon is a 2015 action sci-fi movie that is often associated with chaos and destruction, as suggested by its name. It is available for streaming on Apple TV and has a presence on platforms like Rotten Tomatoes and Reddit."
whilst,"Whilst is a word used to mean ""while"" or ""at the same time."" It is often used to connect two actions or events that happen together. For example: ""I was reading whilst he was cooking."""
its,"ITS is a company that provides services related to logistics, shipping, and terminal operations, including tracking orders, managing cargo, and offering tools and equipment. It also has a website with information about its products, services, and contact details."
not,"The word ""not"" is used to negate something, meaning the opposite. It can also be used in phrases and expressions to show disagreement, refusal, or to emphasize something."
nothink,"Nothink è un marchio di scarpe che permette di cambiare facilmente il tacco per adattarsi a diverse occasioni, combinando stile e comfort."
pros,"PROS is a platform that connects gamers to rewards and features by linking their games. It allows players to access special content, save game data across platforms, and earn rewards by connecting their games."
mum,"MUM is a new AI system developed by Google that can understand and process information from text, images, and potentially other formats like video and audio. It has a deep knowledge of the world and can provide helpful insights and answers based on that understanding."
to,"The word ""to"" is used to indicate direction, purpose, or relationship. It can show where something is going, what something is used for, or how one thing relates to another."
be,"The word ""be"" is a verb used to describe existence, state, or identity. It is often used with a noun or pronoun to show what something is. For example: ""She is a teacher"" or ""He is happy."" It can also be used in phrases like ""be careful"" or ""be sure."""
washedup mess,"A ""washedup mess"" refers to a situation or state that is messy, disorganized, and possibly outdated or no longer relevant, often in a way that feels frustrating or pointless. It can also describe a person or group that has lost their former energy or purpose."
exwives,"**Exwives** refers to former spouses, often used in the context of reality TV shows like *Real Housewives*, where participants share stories about their past marriages and divorces. It is also part of fan communities and challenges related to Bravo shows."
pgatour,"The PGA TOUR is the official organization for professional golfers, offering tournaments, rankings, and events like the FedExCup, with a focus on elite male golf competition."
ucan,"UCAN is a nonprofit organization founded in 2001 that provides low-cost spay and neuter surgeries, as well as basic veterinary care for pets in Greater Cincinnati. They also offer performance fitness products and support animal welfare initiatives."
this info,"**this info** refers to the specific information being discussed at the moment. It is used to point to a particular set of details, rather than general or unspecified information."
new app,"A **new app** is an application that has recently been launched or released, often accompanied by updates or features that highlight its introduction or improvements."
the urls,"The URLs are addresses used to locate resources on the internet. They can be used to access web pages, files, or other data. Some URLs may use a protocol-relative format, which means they do not specify the protocol (like HTTP or HTTPS) and instead use the protocol of the current page."
take me tooooo church,"""Take Me to Church"" is a song title that appears in many versions by different artists. It is not a definition of the word ""take me tooooo church,"" but rather a song title with a religious or spiritual theme. The phrase ""take me tooooo church"" is likely a playful or exaggerated variation of the song title."
republican move,"A **republican move** refers to an action or decision taken by Republican politicians or parties, often involving policy changes, legislative actions, or political strategies that align with their party's values and goals."
effectively rob the royals,"""Effectively rob the Royals"" means to take away their success or advantage, especially in areas like preventing stolen bases or controlling the running game, by challenging their strategies or performance."
irony,"Irony is a situation where the opposite of what is expected happens, often in a surprising or humorous way. It can also involve saying the opposite of what is meant."
obscurantists,"Obscurantists are people who use complex or unclear ideas to hide the real meaning or purpose, often in a way that misleads or confuses. They are criticized for making difficult concepts from science or philosophy seem mysterious or magical, rather than explaining them clearly."
not,"The word ""not"" is used to negate something, meaning the opposite. It can also be used in phrases and expressions to show disagreement, refusal, or to emphasize something."
nothink,"Nothink è un marchio di scarpe che permette di cambiare facilmente il tacco per adattarsi a diverse occasioni, combinando stile e comfort."
shirota yu,"Shirota Yu is a Japanese singer and performer, known for her work in the music industry, including photobooks, concerts, and appearances on platforms like IMDb and Avex Group."
inoue yoshio,"Yoshio Inoue is a Japanese actor and singer, born on July 6, 1979, known for his work in musical theatre."
mozart,"Wolfgang Amadeus Mozart was a famous Austrian composer known for his musical genius. He was born into a musical family and composed many classical music works. His name is also associated with the ""Mozart effect,"" which refers to the positive impact of his music on the mind."
check,A **check** is a written or electronic order directing a bank to pay a specific amount of money from one account to another. It can also mean to examine something carefully or to verify its accuracy.
kkastilano,
hot record,"A **hot record** is a data record that is accessed or modified frequently, requiring it to be kept in faster storage to improve performance."
fuckthat,"""Fuckthat"" is a term used in the context of a badge set, often associated with a rebellious or anti-establishment attitude, and is also the title of a song by Russ. It represents defiance or rejection of authority or societal norms."
minky wale,"Minky wale is a type of fabric that combines the softness of minky fabric with the textured pattern of wale corduroy, creating a plush and durable material often used in clothing and home decor."
tail fritter,"A tail fritter is a fried food made from a mixture that often includes crawfish tails and corn, shaped into small fritters."
bijoux,"Bijoux refers to a full-service fine dining restaurant located in The Market Shops at Sandestin Golf and Beach Resort, known for its coastal French cuisine with a New Orleans flair, offering fresh Gulf seafood, prime steaks, and an award-winning wine list."
racist dna,"""Racist DNA"" refers to the misuse of DNA science to support or justify racist beliefs and ideas, often by falsely claiming that genetic differences determine racial superiority or inferiority. It highlights how science can be used in a biased and harmful way to reinforce racial discrimination."
geneticist,"A geneticist is a professional who studies genetics, either in a clinical or research setting. They may work with patients to diagnose and treat genetic disorders or conduct research on genetic traits. Some geneticists see patients, while others work in laboratories."
not nothink,"The word ""not nothing, not enough"" expresses a feeling of partial fulfillment or incomplete satisfaction, suggesting that something is present but insufficient."
finals,"The **finals** refers to the final stage or competition in a game, where players compete to determine the ultimate winner, often featuring special events, updates, and community engagement."
hoursleft,"""Hoursleft"" refers to a pop-up notification that appears on Audible, reminding users how much time they have left to listen to an audiobook before it expires."
pcm,"PCM stands for Pulse Code Modulation, which is a method used to digitally represent sampled analog signals. It involves converting continuous signals into a digital format using linear quantization."
pw,"PW stands for Pimwick, a company that develops plugins for WooCommerce, including the PW WooCommerce Bulk Edit plugin, which helps users efficiently manage and update their WooCommerce product catalogs."
pizzawins,"The word ""pizzawins"" refers to a situation where a pizza place, like Minsky's Pizza, is recognized or wins an award for having the best pizza in a specific area or competition."
once more with feeling,"""Once more with feeling"" is the title of an episode from the TV series *Buffy the Vampire Slayer*. It is also the name of a song by the band The Carpenters. The phrase means to do something again, but with more emotion or sincerity."
buffymusical,"BuffyMusical refers to a stage adaptation of the ""Once More, With Feeling"" episode from the TV series Buffy the Vampire Slayer, which features songs and a musical style. It includes reviews, scripts, and artwork, and is known for its humor and charm."
stuckinmyhead,"""stuckinmyhead!"" is a song by youth® released in 2025. It is part of the ""snake eyes"" EP and is known for being catchy and having explicit lyrics. The song gained popularity on YouTube through the NoCopyrightSounds channel."
heading off,Heading off means taking action to prevent a problem or issue from occurring.
concerned for my country,"Concerned for my country means feeling worried or attentive about the well-being, future, or issues affecting one's nation."
not,"The word ""not"" is used to negate something, meaning the opposite. It can also be used in phrases and expressions to show disagreement, refusal, or to emphasize something."
terrorists,"Terrorists are individuals or groups who use violence and fear to achieve their goals, often targeting civilians or specific groups they consider enemies. Their actions are driven by ideologies, which may be religious, political, or secular."
now,"The word ""now"" refers to the present time, or it can be used to indicate something that is happening at the moment. In the given context, ""NOW"" is also the name of a national organization for women, focused on feminist issues and advocacy."
what,"The word ""what"" is used to ask for information, express surprise, or show interest. It can also be used in phrases to question, comment, or react to something."
has,"The word ""has"" is the present tense third-person singular form of the verb ""have,"" used to indicate possession or possession of something."
he,"The word ""he"" refers to a JavaScript library used for encoding and decoding HTML entities. It helps convert special characters into their corresponding HTML-safe representations and vice versa."
saiddone,**SaidDone** is a Magic: The Gathering card that allows you to return a target instant or sorcery card from your graveyard to your hand. It costs {2}{U} to cast.
cracked it,"""Cracked it"" means to successfully overcome a difficult challenge, especially in an exam or problem-solving situation. It refers to mastering something tough, like the SAT or ACT, through effort, planning, and support."
viral,"Viral refers to something that spreads rapidly, especially through digital platforms, often becoming very popular or widespread online."
sarcasm,"Sarcasm is the use of bitter or mocking words, often disguised as humor, to express contempt or cause pain. It is typically seen as a negative way to deal with anger or frustration."
sarcasm,"Sarcasm is the use of bitter or mocking words, often disguised as humor, to express contempt or cause pain. It is typically seen as a negative way to deal with anger or frustration."
ps,"""PS"" can mean different things depending on the context. It commonly stands for ""Postscript,"" which is additional text added at the end of a letter or message. It can also refer to units of time like petasecond (10¹⁵ seconds) or picosecond (10⁻¹² seconds), or it can be an abbreviation for ""metric horsepower"" in German. Additionally, "".ps"" is a file extension for PostScript files."
strong tweet,"A ""strong tweet"" refers to a tweet that is considered inappropriate, insensitive, or offensive, often leading to consequences such as firing the social media member responsible."
horatios involvement in the matters,"Horatios involvement in the matters refers to the participation or concern of Horatios, a cheerful and optimistic figure associated with Stoic philosophy, in addressing or reflecting on life's challenges and philosophical questions. It highlights a positive and engaged approach to existence."
bloodlinecontinues,"""Bloodlinecontinues"" is a username or handle used on Reddit, specifically in the r/deadbydaylight community. It refers to a user who is part of the ""The Bloodline"" group, which is a roleplay or storyline within the subreddit."
spnews,"The word ""spnews"" is not clearly defined in the provided information. It might be a misspelling or a term not directly addressed in the given sentences."
yxe,YXE is the airport code for the Saskatoon/John G. Diefenbaker International Airport.
irony,"Irony is a situation where the opposite of what is expected happens, often in a surprising or humorous way. It can also involve saying the opposite of what is meant."
belles,"Belles refers to a group of women, often in a social or entertainment context, and is also the name of a business that offers food and drinks, including bagels, deli items, and a bar."
daughters,"Daughters is an American punk rock band known for their aggressive sound and political lyrics. They were formed in 2002 and have released several albums and EPs, including ""Hell Songs"" and ""Daughters."" The band has been associated with the Hydra Head Records label."
lucky,"Lucky means fortunate or having good luck, often in a positive way."
me,"The word ""ME"" refers to the U.S. state of Maine, and it is used as an abbreviation for the state in various contexts such as government websites, services, and information."
havefun,"HaveFun is a karaoke and party venue in Singapore, known as the largest of its kind. It offers live shows, corporate events, and online booking for karaoke sessions."
wicklow,"Wicklow is a county in Ireland, known for its scenic landscapes, including the Wicklow Mountains, and its towns such as Dublin, Bray, and Arklow. It also has a golf club and various transportation routes connecting it to nearby areas."
httptcoefbhmmlgew,
messing me about,"""Messing me about"" means to tease, trick, or play a joke on someone, often in a harmless or mischievous way."
how this went down,"The phrase ""how it went down"" refers to the events of a situation, especially one that is controversial or tragic, as understood and described by those involved or affected. It is often used to seek clarity, justice, or a clear account of what happened."
not,"The word ""not"" is used to negate something, meaning the opposite. It can also be used in phrases and expressions to show disagreement, refusal, or to emphasize something."
thanks,Thanks is a word used to express gratitude or appreciation for something someone has done.
cray,"A cray is a type of crustacean, often found in water, known for its bright orange color and soft body."
not,"The word ""not"" is used to negate something, meaning the opposite. It can also be used in phrases and expressions to show disagreement, refusal, or to emphasize something."
nothink,"Nothink è un marchio di scarpe che permette di cambiare facilmente il tacco per adattarsi a diverse occasioni, combinando stile e comfort."
yay,"Yay is an exclamation used to express happiness, excitement, or approval."
not,"The word ""not"" is used to negate something, meaning the opposite. It can also be used in phrases and expressions to show disagreement, refusal, or to emphasize something."
moneytho,"The word ""moneytho"" is slang used on Reddit, especially in the r/thedivision community, to refer to making money, often in the context of gaming or earning in-game currency. It is a casual way to ask about methods or tips for earning money in games like The Division."
subtweets,"A **subtweet** is a brief, indirect message, usually on social media, that implies criticism or commentary without directly addressing the person involved. It is often used as a way to express opinions subtly or behind the scenes."
motherfucker,"The word ""motherfucker"" is a strong, informal term used to express intense emotion, often anger, frustration, or admiration. It can be used as an exclamation, a curse, or to emphasize something powerful or shocking. It is not a polite term and is considered offensive in many contexts."
irony,"Irony is a situation where the opposite of what is expected happens, often in a surprising or humorous way. It can also involve saying the opposite of what is meant."
friendzoned,"Friendzoned means someone treats you as a friend rather than a romantic partner, often after you've shown interest in them romantically. It's usually disappointing because it feels like you're not being considered for a romantic relationship."
irony,"Irony is a situation where the opposite of what is expected happens, often in a surprising or humorous way. It can also involve saying the opposite of what is meant."
not,"The word ""not"" is used to negate something, meaning the opposite. It can also be used in phrases and expressions to show disagreement, refusal, or to emphasize something."
budweiser,"Budweiser is a brand of beer produced by Anheuser-Busch. It is known for sponsoring NASCAR events and creating popular TV ads, such as the Budweiser Frogs and Clydesdale horses. The brand also includes other beers like Bud Light and Bud Ice."
irony,"Irony is a situation where the opposite of what is expected happens, often in a surprising or humorous way. It can also involve saying the opposite of what is meant."
hipster,"A hipster is a type of underwear, typically worn by men, that is comfortable, seamless, and designed to fit closely against the body."
thanksobama,"""thanksobama"" is a hashtag and phrase that originated in 2009 as a sarcastic or ironic way to comment on President Obama's policies, often used in a mocking or exaggerated manner. It became a symbol of political polarization and was used in various online contexts, including memes and social media."
sarcasm,"Sarcasm is the use of bitter or mocking words, often disguised as humor, to express contempt or cause pain. It is typically seen as a negative way to deal with anger or frustration."
cant take my eyes off you,"""Can't Take My Eyes Off You"" is a song by Frankie Valli & The Four Seasons. It is a popular soul and pop song that expresses deep admiration and attraction, often used to describe someone who is very captivating. The song has been widely recognized and charted in various countries."
sarcasm,"Sarcasm is the use of bitter or mocking words, often disguised as humor, to express contempt or cause pain. It is typically seen as a negative way to deal with anger or frustration."
pissed off,"""Pissed off"" means very angry or upset. It is commonly used in both the US and the UK, though ""pissed off"" is more typical in the US, while the UK often uses ""pissed"" on its own. The phrase is informal and expresses strong irritation or frustration."
chilled night in,"A ""chill night in"" is a relaxed, cozy evening spent at home, often involving comfortable activities like watching movies or reading."
hangover,"A hangover is a set of unpleasant symptoms, such as headache, fatigue, and nausea, that occur after drinking too much alcohol."
hun,A **Hun** was an extinct nomadic people from Eurasia (4th–6th centuries) known for their warrior culture and control over large territories. They practiced artificial cranial deformation and are historically associated with significant events in European history.
x,"X is a social media platform that allows users to share content, follow creators, and engage with live news, memes, podcasts, and more. It offers different subscription plans for premium features and is used for staying connected, informed, and entertained."
smartass,"A **smartass** is someone who acts or speaks in a clever, witty, or sarcastic way, often in a manner that is seen as disrespectful or annoying. It can also refer to someone who is overly confident or shows off their intelligence in a way that offends others."
irony,"Irony is a situation where the opposite of what is expected happens, often in a surprising or humorous way. It can also involve saying the opposite of what is meant."
cells,"Cells are the basic structural and functional units of all living organisms. They can be classified into different types based on their structure and function, such as animal cells, plant cells, fungal cells, and more. Some cells have specialized structures like flagella for movement, while others have roles in support, protection, or communication."
theyre fighting hard for you,"The phrase ""they're fighting hard for you"" means that people are working diligently or struggling on your behalf, often in a difficult or challenging situation."
shaded,"Shaded refers to something that has layers of color applied on top of each other to create depth, often used to describe a type of carpet tile that gives a three-dimensional effect."
suck,"Eardrum ""suck"" refers to a sensation of pressure or pulling in the ears, often experienced in quiet environments like an anechoic chamber, and is thought to be related to how sound waves interact with the ear. It is not a physical suction but a feeling caused by sound characteristics."
sob,
forget,"Forget means to not remember something anymore. It can also mean to stop thinking about something, or to not do something you should."
me,"The word ""ME"" refers to the U.S. state of Maine, and it is used as an abbreviation for the state in various contexts such as government websites, services, and information."
not,"The word ""not"" is used to negate something, meaning the opposite. It can also be used in phrases and expressions to show disagreement, refusal, or to emphasize something."
pet,"PET stands for Polyethylene Terephthalate. It is a type of plastic used in bottles, packaging, and fibers. It is commonly recycled and marked with the number 1 recycling symbol."
cemetery,"A cemetery is a place where people are buried and where people go to remember and honor the deceased. It is a sacred space meant for remembrance, not for parties or alcohol."
forget me not,"A **forget-me-not** is a small flower with five petals, known for its symbolic meaning of remembrance. It is the state flower of Alaska and is often associated with the phrase ""Forget me not."""
pet cemetery,"A pet cemetery is a place where pets are buried, often with small headstones and memorials. It is a space for remembering and honoring beloved animals, though some cemeteries are closed to new burials."
smashed it,"""Smashed it"" is an informal expression used to congratulate someone on doing something very well, often in a fun or exaggerated way. It means you did a great job."
wheredobrokenheartsgo,"""wheredobrokenheartsgo"" is a phrase that suggests a place or concept where broken hearts go, often used in a poetic or emotional context to express sadness or longing. It is not a real place but rather a metaphorical expression."
xfactorfinal,"The X Factor final is the last competition show of the X Factor talent contest, where the final two contestants perform and the winner is announced."
faa,"The FAA is a U.S. government agency responsible for regulating and overseeing all aspects of civil aviation, including air traffic control, aircraft safety, and pilot certification."
christian europe,"**Christian Europe** refers to the historical and cultural concept of Europe as a region predominantly shaped by Christian beliefs, values, and institutions. It represents the idea of Europe as a Christian civilization, where Christianity has traditionally played a central role in society, politics, and culture."
islamic manuscripts,"Islamic manuscripts are handwritten or printed documents from the Islamic world, typically written in Arabic, Persian, or Ottoman Turkish. They cover a wide range of subjects, including religion, science, philosophy, medicine, and literature. These manuscripts are important historical and cultural resources that reflect the knowledge and traditions of Islamic civilization."
irony,"Irony is a situation where the opposite of what is expected happens, often in a surprising or humorous way. It can also involve saying the opposite of what is meant."
sarcasm,"Sarcasm is the use of bitter or mocking words, often disguised as humor, to express contempt or cause pain. It is typically seen as a negative way to deal with anger or frustration."
wisdom teeth,"Wisdom teeth are the last set of adult teeth to grow in, usually between the ages of 17 and 25. They are also called third molars and are located at the very back of the mouth. Some people may need to have theirs removed if they cause problems."
chipmunk,"A chipmunk is a small rodent with reddish-brown fur, a black stripe down its back, and white stripes on its sides. It is found in the eastern United States and parts of Canada."
lay out yesterday,"To ""lay out"" something yesterday means to arrange or organize it in a specific way on a day that has already passed."
put it all on the line,"The phrase ""put it all on the line"" means to risk everything or give your full effort, often in a situation where there is a significant risk or reward."
gingerbread,"Gingerbread is a type of sweet baked good made with ginger, molasses, and spices, often used in holiday recipes like gingerbread houses, cookies, and cakes."
house,"A house, in this context, refers to the United States House of Representatives, which is one of the two chambers of the U.S. Congress. It is where laws are made, and it includes various officials and committees that handle legislative and administrative duties."
amar,"Amar is a dining venue at Raffles Boston that combines Mediterranean cuisine with Bostonian culture, offering a unique blend of flavors and experiences. It includes a sandwich shop and various dining options like the Long Bar & Terrace."
singh,"Singh is a surname adopted by Sikh men to symbolize courage and equality, meaning ""lion."" It was introduced by Guru Gobind Singh in 1699 to promote unity and a fearless identity among Sikhs, regardless of their background. Sikh women use the surname Kaur."
arun,"Arun is a given name, and based on the information provided, it refers to multiple individuals, including a product designer, a professor, and the name of a restaurant."
shourie,"Arun Shourie is an author and legal professional known for his critical writing and commentary, particularly on historical figures like Savarkar. He is also the Chief Legal Officer and has written a book titled *The New Icon: Savarkar and the Facts*."
irony,"Irony is a situation where the opposite of what is expected happens, often in a surprising or humorous way. It can also involve saying the opposite of what is meant."
politics,"Politics refers to the activities and processes involved in the governance of a country or region, including the making and enforcement of laws, decision-making, and the management of public affairs. It also involves the competition for power and influence among different groups or individuals."
twist,"The word ""twist"" refers to a change in direction or a spiral shape, and it can also mean to cause something to turn or coil. In some contexts, it may refer to a specific company or service related to genetic sequencing and jewelry design."
algorithms,"Algorithms are step-by-step procedures used to solve problems or perform tasks, often implemented in computers. They can involve data compression, cryptography, or other processes, and are designed to run on serial, parallel, or distributed systems."
congestion,"Congestion refers to a condition where there is a blockage or difficulty in movement, such as traffic congestion, which is when there are too many vehicles on the road, or nasal congestion, which is when the nose is blocked and difficult to breathe through."
pollution,"Pollution is the presence of harmful substances in the air, water, or soil that can damage health and the environment."
bizarre,"Bizarre is a stage name used by a rapper born as Rufus Johnson. The name came from a nickname given to him by his teacher when he was a child, and it reflects his unique and unusual style of music and personality."
not nothink,"The word ""not nothing, not enough"" expresses a feeling of partial fulfillment or incomplete satisfaction, suggesting that something is present but insufficient."
sarcasm,"Sarcasm is the use of bitter or mocking words, often disguised as humor, to express contempt or cause pain. It is typically seen as a negative way to deal with anger or frustration."
phatsexyass,
porked,"The word ""porked"" is slang used to mean that someone has been given a lot of food, especially pork, often in a humorous or exaggerated way. It can also be used to suggest that someone has been overfed or is eating too much."
tiffany,"Tiffany is a singer known for her music career, including studio albums like *Tiffany Hold an Old Friend's Hand* and *New Inside Dreams*. She has also appeared in films, though she did not actively participate in their production."
sarcasm,"Sarcasm is the use of bitter or mocking words, often disguised as humor, to express contempt or cause pain. It is typically seen as a negative way to deal with anger or frustration."
not,"The word ""not"" is used to negate something, meaning the opposite. It can also be used in phrases and expressions to show disagreement, refusal, or to emphasize something."
sticktoparenting,"""Stick to parenting"" means to remain firm and consistent in the rules, methods, or decisions you make when raising your child."
scandinavian reef,"A Scandinavian reef refers to a type of aquarium or decorative design inspired by Scandinavian culture, often featuring natural, minimalist elements and colors, and sometimes incorporating themes related to underwater environments or marine life."
out of form,"Out of form means not performing at your usual or best level, often due to lack of practice, fatigue, or other factors."
i see,"""I See"" is a phrase used to show that someone is noticing or recognizing something, often used when introducing family members in a photo book."
irony,"Irony is a situation where the opposite of what is expected happens, often in a surprising or humorous way. It can also involve saying the opposite of what is meant."
mcfc,"MCFC stands for Manchester City Football Club, a professional football (soccer) team based in Manchester, England. They compete in the Premier League, the top tier of English football."
throw me in at the deep end,"The phrase ""throw me in at the deep end"" means to suddenly put someone into a difficult or challenging situation without any preparation or support."
irony,"Irony is a situation where the opposite of what is expected happens, often in a surprising or humorous way. It can also involve saying the opposite of what is meant."
tough,"Tough means difficult to deal with, requiring strength or effort, or hard to break or damage. It can also mean being strict or unyielding."
life,"Life is the state of being alive, involving growth, reproduction, and the ability to respond to the environment. It encompasses all living organisms and their processes."
we,"The word ""we"" refers to a group of people, often used to include the speaker and others, showing unity or shared action."
are,"The ARE is the Architect Registration Examination, a licensing exam for architects to become registered. It is offered in various versions, including ARE 5.0, and includes practice exams, study tools, and policies for candidates."
not,"The word ""not"" is used to negate something, meaning the opposite. It can also be used in phrases and expressions to show disagreement, refusal, or to emphasize something."
mind,"Mind means to pay attention to something, think about it, or be aware of it. It can also mean to care about or take notice of someone or something."
readers,Readers are reading glasses used to help people see clearly when reading or doing close-up work.
haha,"Haha is a Java library used for handling collections, and it has different versions like 1.1, 1.2, 1.3, and 2.0.4. It is also the name of a community on Reddit for alternative and independent music."
repost,"Repost means to share again, usually a post that someone else has already shared, either as it is or with your own comments added."
gag,"Gag is a protein in HIV-1 that is made from the gag gene. It is a polyprotein that includes parts like p17, p24, and p6, and plays a key role in the virus's life cycle."
httptcopeuzxhmd,
boars head,"Boar's Head is a brand known for premium deli meats, cheeses, and recipes. It is a family-owned company since 1905 that focuses on food safety, quality, and offers a variety of products and recipes for home cooking."
not really,"The phrase ""not really"" is used to express that something is not truly the case, often to correct or clarify a mistaken idea. It suggests that there is more to the situation than what was originally said."
sarcasm,"Sarcasm is the use of bitter or mocking words, often disguised as humor, to express contempt or cause pain. It is typically seen as a negative way to deal with anger or frustration."
the turkey song,"""The Turkey Song"" is a children's song with lyrics that include lines like ""Tom Tom the Turkey will be here soon"" and ""Tom Tom the Turkey will sing his tune."" It is often taught in elementary school and is a classic camp song."
dickiestickhead,"The word ""dickiestickhead"" appears to be a playful or humorous name, possibly referring to a person or character, and is associated with a song titled ""The Turkey Song (Thanksgiving Theme)"" featuring Debbie Sue Stickhead. It may not have a standard definition but is likely used in a creative or fictional context."
thanksgiving,"Thanksgiving is a holiday celebrated to give thanks for the harvest and blessings of the year, often involving family gatherings, meals, and religious services. It is also observed in various cultural and media contexts."
httptcotmrzvwu,
sarcasm,"Sarcasm is the use of bitter or mocking words, often disguised as humor, to express contempt or cause pain. It is typically seen as a negative way to deal with anger or frustration."
count on,**Count on** means to rely on someone or something to do what is needed or to be available when needed.
speak to me on here,"The word ""speak to me on here"" means to share words or message directly with someone in this moment, often in a meaningful or spiritual way."
delete the messages,"Delete the messages means to remove them from a device or storage location, while keeping them stored in iCloud. It involves removing the messages from a local device like a MacBook, but not from iCloud."
looks like im talking to myself,"The phrase ""looks like I'm talking to myself"" describes a situation where someone feels they are speaking without being understood or heard, often in a prayerful context, which can make them question if they are truly communicating with God."
nothink,"Nothink è un marchio di scarpe che permette di cambiare facilmente il tacco per adattarsi a diverse occasioni, combinando stile e comfort."
finally,Finally is an adverb that means after a long time or at the end of a period. It is used to indicate that something happens after a delay or after many attempts.
boston coach,"A Boston Coach is a reliable and comfortable bus service that connects Boston to destinations like Hanover, New York City, and Logan Airport. It offers amenities such as movies, Wi-Fi, and outlets, and is known for being on time."
operated in chicago,"Operated in Chicago refers to something that is controlled or managed in the city of Chicago, such as a product, service, or business operation."
irony,"Irony is a situation where the opposite of what is expected happens, often in a surprising or humorous way. It can also involve saying the opposite of what is meant."
brands,"Brands are names or symbols used to identify products or companies, like Yum! Brands, which includes well-known restaurant chains such as KFC and Pizza Hut."
padoin,"Padoin is a footballer born in 1984 in Italy, known for playing as a midfielder or wingback. He has played for teams like Juventus and Cagliari, and later joined Juventus' coaching staff."
lol,"""lol"" is an informal way of saying ""laugh out loud,"" often used in text messages or online to show that someone finds something funny. It can also be used as a verb, and in some cases, it's combined with other words like ""lolwut"" to express confusion or bemused laughter."
sarcasmfail,"Sarcasmfail is a type of meme or comment that uses sarcasm in a way that clearly shows the person is being sarcastic, often in a humorous or exaggerated manner, especially related to characters like Toothless from *How to Train Your Dragon*."
re writing history,"**Rewriting history** refers to the act of altering, changing, or presenting a different version of past events, often with the intention of shaping a particular narrative or perspective. It can involve the destruction or manipulation of historical records and is sometimes used to influence how history is understood and remembered."
re cubaembargo,"The term ""re Cuba embargo"" refers to the effort to end the economic and trade restrictions imposed by the United States on Cuba, which were put in place during the Cold War. It involves proposals and actions aimed at lifting or modifying these sanctions to improve diplomatic and economic relations between the U.S. and Cuba."
primal scream,"A primal scream is a type of cry associated with primal therapy, used to release deep emotional or physical tension. It is also the name of a Scottish rock band."
tcot,"TCOT stands for ""Take Care of Texas,"" which is a program and brand focused on community involvement, pride, and supporting Texas through various initiatives, including fashion, contests, and partnerships."
hands up,"""Hands Up"" is a project that connects young people and teachers in Palestine with the world, promoting education and sharing Palestinian stories."
dont shoot,"""Dont shoot"" is a phrase that appears in different contexts. In the context of the video game Overwatch, it refers to a strategy where players avoid shooting at Zarya's energy bubbles to prevent her from gaining energy. In music, it is part of a song title or lyric, likely referring to a track by Isaiah Rashad."
ferguson,"Ferguson refers to Ferguson Enterprises, LLC, a company that operates a website and provides products like plumbing supplies and HVAC parts. It is involved in online transactions and has specific terms and conditions for customers."
via post,"The phrase ""via post"" in this context means ""through the process of"" or ""by means of the post-squalene sterol synthesis pathway."" It indicates the method or mechanism by which microglia help repair demyelinated lesions."
ferguson,"Ferguson refers to Ferguson Enterprises, LLC, a company that operates a website and provides products like plumbing supplies and HVAC parts. It is involved in online transactions and has specific terms and conditions for customers."
fcking,"The word ""fcking"" is an informal and often vulgar way of saying ""very"" or ""extremely,"" used to express strong feelings, such as frustration, excitement, or emphasis. It is commonly used in slang and online communication."
not,"The word ""not"" is used to negate something, meaning the opposite. It can also be used in phrases and expressions to show disagreement, refusal, or to emphasize something."
motherboard,"A motherboard is the main circuit board in a computer that connects and allows communication between all the parts, like the CPU, memory, and storage. It also helps control the computer's operations."
not,"The word ""not"" is used to negate something, meaning the opposite. It can also be used in phrases and expressions to show disagreement, refusal, or to emphasize something."
guitarpicks,"**guitarpicks** refers to a website or online store that sells guitar picks, often with a focus on used or stage-used picks, and is associated with a Reddit community where users discuss and share experiences about the seller and products."
orionlaunch,"OrionLaunch refers to the Orion spacecraft program, which is designed to carry astronauts into space, including missions to the Moon and Mars. It is developed by NASA in partnership with Lockheed Martin."
abbv,"ABBV is a prefix used in the name of the drug ABBV-011, which is an antibody-drug conjugate targeting a protein called SEZ6. It is used in clinical trials for treating small cell lung cancer."
gild,"Gild refers to a book in the ""The Plated Prisoner"" series by Raven Kennedy. It is a young adult fantasy novel that follows the character Auren, who is trapped in a golden castle. The story starts slowly and becomes more action-packed later. However, it contains mature and disturbing content, including graphic violence and non-consensual sex, which may not be suitable for all readers."
sarcasm,"Sarcasm is the use of bitter or mocking words, often disguised as humor, to express contempt or cause pain. It is typically seen as a negative way to deal with anger or frustration."
packed,"Packed refers to how tightly brown sugar is pressed into a measuring cup, with ""packed"" being moderately compressed, ""lightly packed"" being loosely filled, and ""firmly packed"" being tightly compressed."
mgwv,"mgwv ist ein Abkürzung, die in den gegebenen Informationen nicht direkt erklärt wird. Basierend auf dem Kontext der Texte, die in verschiedenen Sprachen stehen und sich auf rechtliche Websites beziehen, ist mgwv wahrscheinlich eine Abkürzung für einen Browser oder ein Technologie-Standard, der JavaScript unterstützt. Allerdings ist die genaue Bedeutung aus den gegebenen Informationen nicht klar ersichtlich."
autofollow,"Autofollow is a feature in some games that automatically moves a character or avatar along a path or route, often used to navigate through complex terrain or to follow a predefined path without manual control."
rtmuzza,"The provided information does not mention the word ""rtmuzza,"" so it is not possible to define it based on the given text."
tfbjp,"The term ""tfbjp"" refers to a Twitter user named Darren Kelly, who is associated with a specific Pin or image related to a Yellow Rose Birthday Greeting and Congratulations quotes. It is likely an abbreviation or hashtag used in social media contexts."
aday,"Aday is a brand that focuses on sustainable, capsule clothing collections designed to help customers simplify their wardrobe while making fashion more eco-friendly and stylish."
rtgain,"RTgain refers to the measurement of gain in semiconductor materials, specifically in quantum dot structures, which is used to study their optical properties and performance."
twitwhizz,"TwitWhizz is a username or handle used on social media platforms, likely referring to a person or account associated with the name."
merry,"Merry means happy, cheerful, and full of joy."
essentialservice,"An essential service is a service that is necessary for the basic needs of people, such as healthcare, emergency services, or utilities."
ambulance,"An ambulance is a vehicle used to transport injured or sick people to a hospital, often equipped with medical equipment and staffed by healthcare professionals."
fire truck,A fire truck is a vehicle used by firefighters to fight fires and rescue people. It carries water and equipment needed to put out fires and help during emergencies.
police car,"A police car is a vehicle used by police officers to patrol and enforce the law. It often has special features like lights, sirens, and an animated driver, and can be part of larger toy sets that combine with other vehicles."
helicopter,"A helicopter is a type of aircraft that can hover in place and move through the air by rotating its blades. It is used for transportation, rescue, and sightseeing, such as in helicopter tours over glaciers in Juneau, Alaska."
ship,"The word ""ship"" refers to a large vessel used for traveling across water, often for transporting people or goods. It can also be a verb meaning to send something by water or to move something by water."
verrry,"The word ""verry"" is likely a misspelling or a stylized variation of ""very,"" used in the context of a brand or product name, such as ""Verrry Berry Picnic,"" to create a unique or catchy identity. It is not a standard English word."
ranted,"Ranted means to speak in a loud, angry, or emotional way about something, often expressing strong feelings or complaints."
ipod,"An iPod is a line of portable media players made by Apple, used to store and play music, videos, and other digital content. It was produced from 2001 to 2022 and comes in various models like the Classic, Nano, Shuffle, and Touch."
not,"The word ""not"" is used to negate something, meaning the opposite. It can also be used in phrases and expressions to show disagreement, refusal, or to emphasize something."
portlaoise,"Portlaoise is a town in County Laois, Ireland, known for its local attractions such as Kelly's Steakhouse, Midlands Park Hotel, and various sports clubs like Portlaoise RFC and Portlaoise GAA."
httptcoclfufzvdf,
not,"The word ""not"" is used to negate something, meaning the opposite. It can also be used in phrases and expressions to show disagreement, refusal, or to emphasize something."
hatethis,"""hatethis"" is a term used to describe a podcast where hosts express their frustration or criticism about a sports team, specifically the Vancouver Canucks. It is not an actual word but a playful way to refer to the podcast ""I Hate This Team."""
sick,"The word ""sick"" refers to a 2022 pandemic-themed horror-thriller movie that explores themes related to the COVID-19 crisis. It was co-written and produced for Peacock by Kevin Williamson and received mixed reviews."
wanna,"""Wanna"" is an informal way of saying ""want to."" It is commonly used in casual speech and writing."
to,"The word ""to"" is used to indicate direction, purpose, or relationship. It can show where something is going, what something is used for, or how one thing relates to another."
school,"A school is an educational institution where students learn various subjects, often under the guidance of teachers, and it can cater to different age groups and learning levels."
for,"**For** is a preposition and a conjunction. As a preposition, it is used to indicate purpose, reason, possession, equality, time, or extent. For example: ""money for lunch,"" ""because,"" or ""waited for several hours."" As a conjunction, it is used to connect clauses, such as ""I went to the store for milk."""
once,"""Once"" is a 2007 Irish musical film directed by John Carney, featuring a story about two buskers in Dublin who fall in love. It is known for its music, emotional storytelling, and winning awards for its songs."
take,"**Take** refers to the act of harassing, harming, pursuing, hunting, shooting, wounding, killing, trapping, capturing, or collecting a species, or attempting to do so. It also includes unintentional but not unexpected interactions with a species, known as **incidental take**."
me,"The word ""ME"" refers to the U.S. state of Maine, and it is used as an abbreviation for the state in various contexts such as government websites, services, and information."
away,Away means not near or present; it can also mean removed from a place or situation. It is often used to describe something that is not in the immediate vicinity.
reincarnation,"Reincarnation is the belief that the soul or consciousness is reborn into a new body after death, often in a different life, and that this process may continue through many lifetimes."
leftists,"Leftists are people who support social equality, government intervention in the economy, and oppose exploitation and injustice. They believe in innovation to advance their causes and often advocate for the separation of church and state."
racistsexist,"Racist and sexist are words that describe unfair treatment or beliefs based on race or gender. Racism is discrimination based on race, while sexism is discrimination based on gender."
label,"A **label** is a piece of text that explains or identifies something, often used to describe a button, input field, or other element, making it easier for users to understand its purpose."
dislikes,"Dislikes are actions people take to show they do not like something, often used on platforms like YouTube to express negative opinions."
sad,"SAD stands for Seasonal Affective Disorder, a type of depression that occurs at certain times of the year, usually in the fall or winter, and is linked to changes in seasons. It is more common in women and can cause symptoms like feeling sad, tired, and losing interest in activities. Light therapy, exercise, and time outdoors can help improve symptoms."
httptcohbeabhklw,
obama,"Barack Obama is the 44th President of the United States, who served from 2009 to 2017. He is also known for his books, speeches, and public service, and his wife, Michelle Obama, is a prominent figure in her own right."
the,"The word ""the"" is an article used to point out something specific or previously mentioned. It is used before a noun to indicate that the noun is known or has been mentioned earlier. For example: ""The book is on the table."""
american,"The American Red Cross is an organization that provides disaster relief and emergency services in the United States. ""American"" refers to something related to the United States of America."
way,"A way is a path, method, or manner of doing something. It can also mean a direction or route someone takes."
of,"The word ""of"" is a preposition that shows a relationship between a noun and another word, often indicating possession, origin, or content. It can also be used as an auxiliary verb in informal speech to mean ""have."""
life,"Life is the state of being alive, involving growth, reproduction, and the ability to respond to the environment. It encompasses all living organisms and their processes."
is,The word **is** in this context refers to a CSS pseudo-class used to match elements that are selected by one of the listed selectors. It allows for grouping multiple selectors together to apply styles to elements that match any of them.
not,"The word ""not"" is used to negate something, meaning the opposite. It can also be used in phrases and expressions to show disagreement, refusal, or to emphasize something."
a,"The letter ""a"" is a vowel in the Latin alphabet. It is used in many languages and has different sounds depending on the language. In English, it can represent sounds like /a/, /æ/, /ɑː/, /ɒ/, /ɔː/, /ɛː/, /eɪ/, or /ə/. It is also used to denote high quality, prestige, or top status, such as in grades, lists, or classifications. The letter ""a"" has a Unicode encoding of U+0061 for the lowercase form."
gift,"A **gift** is something given to someone without expecting anything in return, such as a present, a message, or an act of kindness."
scherzy,"Scherzy is a term used to refer to Nicole Scherzinger, a singer and former member of the Pussycat Dolls, often used in a playful or affectionate way on social media."
grizabella,"Grizabella is a character from the musical *Cats*, known for her tragic past and the song ""Memory."" She was once admired but is now old and frail, and her story is not fully explained in the original production. She is often portrayed as having a mysterious and sad history, and she is played by notable actresses like Jennifer Hudson in the 2019 film."
pak,"A ""pak"" is a unit of measurement used in the context of packaging, particularly referring to a package or a container. It is commonly used in the food and beverage industry, especially with companies like Tetra Pak, which specializes in processing and packaging solutions."
delhi elections,"Delhi elections are the process of electing the members of the Delhi Legislative Assembly, which governs the city of Delhi. These elections determine who will represent the people in the assembly and help shape the policies of the region."
change issues of elections,"**Change issues of elections** refer to the key topics or concerns that influence voter behavior and shape the outcomes of elections. These issues can include economic conditions, immigration policies, crime rates, and environmental concerns like climate change, which can significantly impact how people vote and the direction of political change."
not,"The word ""not"" is used to negate something, meaning the opposite. It can also be used in phrases and expressions to show disagreement, refusal, or to emphasize something."
about,"The word ""about"" refers to information or details regarding a particular subject or topic. In the given context, it is used to introduce sections or topics related to the PRI, such as its mission, work, and various programs."
the,"The word ""the"" is an article used to point out something specific or previously mentioned. It is used before a noun to indicate that the noun is known or has been mentioned earlier. For example: ""The book is on the table."""
its,"ITS is a company that provides services related to logistics, shipping, and terminal operations, including tracking orders, managing cargo, and offering tools and equipment. It also has a website with information about its products, services, and contact details."
about,"The word ""about"" refers to information or details regarding a particular subject or topic. In the given context, it is used to introduce sections or topics related to the PRI, such as its mission, work, and various programs."
tongue in cheek,"""Tongue in cheek"" is a phrase that means saying something in a humorous or sarcastic way, not meant to be taken seriously."
instigate,"Instigate means to start or encourage someone to do something, especially something wrong or harmful."
breed specific hate,**Breed specific hate** is when a dog shows dislike or aggression only toward dogs of a certain breed.
tuques,"A tuque is a type of knitted cap, commonly worn in Canadian, especially Quebecois, culture. It is often red and white, and is associated with winter and festive occasions. It has become a symbol of Canadian identity and is featured in pop culture, sports, and traditions."
irony,"Irony is a situation where the opposite of what is expected happens, often in a surprising or humorous way. It can also involve saying the opposite of what is meant."
middlechildsyndrome,
blaming the victim,"Blaming the victim is when people hold the victim of a crime, such as sexual assault, responsible for what happened, often by suggesting they somehow caused it or could have prevented it."
sarcasm,"Sarcasm is the use of bitter or mocking words, often disguised as humor, to express contempt or cause pain. It is typically seen as a negative way to deal with anger or frustration."
ward,"A **ward** is a district or area within a city or town, often used for administrative or electoral purposes. It can also refer to a part of a hospital where patients receive care, or in a broader sense, it can mean to protect or guard something."
skye,"Skye is a large island in the Scottish Highlands, known for its beautiful landscapes, outdoor activities, and tourist attractions. It is a popular destination for visitors seeking to explore nature, history, and culture."
agentsofshield,**agentsofshield** is a subreddit on Reddit dedicated to discussions about the TV show *Agents of S.H.I.E.L.D.*
irony,"Irony is a situation where the opposite of what is expected happens, often in a surprising or humorous way. It can also involve saying the opposite of what is meant."
httptcoznfxzbuyvu,
applauded,"**Applauded** means to show approval or praise, often by clapping hands."
irony,"Irony is a situation where the opposite of what is expected happens, often in a surprising or humorous way. It can also involve saying the opposite of what is meant."
happytimes,"""HappyTimes"" refers to a business that provides dog boarding, daycare, and grooming services, located in Peachtree City, Georgia. It also refers to a cannabis dispensary in Buffalo and Cheektowaga, New York."
sundayout,"A **sundayout** is a relaxed, fun gathering or event that takes place in the evening, often outdoors, where people enjoy music, food, and socializing in a casual and carefree atmosphere."
mewearing,"The word ""mewearing"" is not a standard English word. It might be a misspelling or a combination of words. Based on the context provided, it could refer to wearing a hat, as in the phrase ""He saw me wearing hat for the first time."" However, this is not a recognized word."
wyoustores,"Wyoustores is an online and physical store that sells fashion items, especially from the Fall-Winter ‘26 collection. It offers in-store shopping and has a website where customers can learn more and use cookies to enhance their experience. They also provide contact information for customer support."
elenawearswyou,
chanelboybag,"Chanelboybag is a handbag style created by Chanel, designed for boys, featuring the brand's signature style and elegance."
chanel,"Chanel is a French fashion house known for luxury products like clothing, accessories, and fragrances. It was founded by Coco Chanel and is famous for iconic items such as the little black dress, Chanel No. 5 perfume, and the 2.55 handbag."
trich,"Trich is a common, curable sexually transmitted infection (STI) caused by a parasite. It spreads through sexual contact and often has no symptoms."
orchid,"An orchid is a type of flowering plant known for its unique and often beautiful flowers. Orchids are cultivated by many people around the world, who join societies and clubs to grow and study them. New orchid varieties are registered in international lists, and there are many resources available to learn about their care and characteristics."
tassel chain,"A tassel chain is a jewelry piece made from gold-plated brass, featuring a weighted chain with tassels at each end. It can be worn as a necklace, hip jewelry, or handbag chain, and is designed to be styled in various ways."
mermaid dress,"A mermaid dress is a type of formal dress that has a fitted, flowing silhouette that flares out from the waist, often with a high slit and embellishments like sequins or glitter."
onesize,"Onesize is an agency that specializes in distinctive design and motion, offering services like branding, TV commercials, and online content creation. They work with brands and agencies, providing creative solutions from concept to execution."
invoice,"An invoice is a document used to request payment for goods or services provided. It usually includes details like the amount owed, payment terms, and contact information."
pathetic,"Pathetic is an adjective used to describe something that is sad or makes you feel sympathy, often because it seems weak or unsuccessful. It can also be used to describe actions or attempts that are desperate or lacking in strength."
losing,"The word ""losing"" means not winning or failing to gain something, often used to describe a situation where someone is not successful in a competition or effort."
bromanceshmomance,"Bromanceshmomance refers to a blend of bromance (a close friendship between two men) and momance (a romantic relationship between a mother and her child), often used humorously or affectionately to describe a close, loving relationship between two people, typically a parent and child, with a touch of romance or affection."
nada,"Nada is a modern Mexican restaurant known for its bold flavors, vibrant atmosphere, and warm hospitality, located in Downtown Cincinnati. It also refers to a nonprofit organization representing auto dealers across the United States."
light sleeper,A light sleeper is someone who falls asleep easily but also wakes up frequently during the night.
peshawarattack,"The **Peshawar attack** refers to a terrorist attack that occurred on December 16, 2014, at the Army Public School in Peshawar, Pakistan. It involved a suicide bombing and mass shooting, resulting in the deaths of 155 people, including students and staff."
prayforpakistan,**prayforpakistan** is a website that supports children in Pakistan by offering donations and prayer. It aims to make a positive difference in the lives of children through faith and generosity.
whenevs,"""Whenevs"" is a shortened form of ""whenever,"" used as an adverb to mean ""at any time"" or ""when ever."""
iaollc,"IAO IT Solutions is a computer repair business located in Springfield, Missouri. It offers 24/7 service and can be contacted through their website (iaollc.com) or phone number (417-209-8888)."
please,"The word ""please"" is used to make a polite request or to express a desire. For example, ""Please come here"" or ""Please help me."""
i,"The word ""I"" in this context refers to a form used by U.S. Citizenship and Immigration Services (USCIS) to collect information from individuals. These forms are used for various immigration purposes such as employment verification, adjusting status, applying for naturalization, and more. Each form has a specific purpose and is used by different categories of applicants."
have,"**Have** means to possess or own something, or to experience something. It can also mean to undergo an action or feeling. For example: ""I have a book,"" or ""I have a headache."""
dm,"DM stands for Digital Media, and it refers to technology and systems used for handling digital audio, video, and other media content, often in professional or broadcast environments."
address,"An address is a location identifier used to specify a place, often including a street name, city, and country. It helps in delivering mail or finding someone's home or office."
details,"Details refer to specific information or features about something, such as products, events, or accounts. They provide more in-depth information beyond the general description."
nothadreply,"The word ""nothadreply"" does not have a standard definition based on the provided information. It appears to be a non-standard or possibly misspelled term."
bennolikes,"The word ""bennolikes"" does not have a clear definition based on the provided information. It does not appear to be a standard English word or a term related to the content given."
captainpcmecom,
contact,"Contact refers to the act of reaching out or communicating with someone or something. It can also mean a connection or interaction between people, ideas, or objects. In the context provided, it refers to a 1997 American film titled *Contact*."
through,"The word ""through"" means from one end to the other, or completely. It can also mean passing or moving from one place to another, or understanding something fully."
dm,"DM stands for Digital Media, and it refers to technology and systems used for handling digital audio, video, and other media content, often in professional or broadcast environments."
myself,"The word ""myself"" refers to the person speaking or writing, especially in relation to their thoughts, feelings, or actions. It is used to emphasize that something relates to the speaker."
not,"The word ""not"" is used to negate something, meaning the opposite. It can also be used in phrases and expressions to show disagreement, refusal, or to emphasize something."
good,"**Good** means something that is pleasant, beneficial, or of high quality. It can describe people, actions, situations, or even luck."
reputation,"Reputation is the way someone is generally seen or known by others, often based on their actions, behavior, or public image. It can be positive, negative, or neutral, and it can change over time."
stealing,Stealing is the act of taking someone else's property without permission and intending to keep it.
girls,"The word ""girls"" refers to young women, typically in the context of adolescence. It can also be used to describe a group of young women, or as a title for a TV show that explores the lives of young women in their twenties."
hausofseen,"The given information does not provide a definition for the word ""hausofseen."""
racist,"A racist is someone who holds prejudiced beliefs about a particular race or ethnic group, often based on stereotypes, and may support or promote discriminatory attitudes or actions against people of that race."
racism,"Racism is the belief that one race is inherently superior to another, often leading to discrimination, prejudice, and unequal treatment based on race."
strippers,"Strippers are tools used to remove the outer insulation from wires, typically in electrical work. They are often designed for precision and comfort, and are used by professionals in various industries."
nocollegeneeded,"The word ""nocollegeneeded"" refers to the idea that one does not need to attend college to achieve success or to start a business. It represents a movement or concept that promotes alternative paths to career and personal growth."
adamsmith,"Adam Smith is a person's name, referring to a person who is either associated with the Adam Smith Institute, an organization based in London, or Congressman Adam Smith, who represents the 9th District of Washington in the United States Congress."
specialization,"Specialization refers to a focused area of expertise or skill, often demonstrated through certification, experience, and proven success in a specific field or service."
strippers,"Strippers are tools used to remove the outer insulation from wires, typically in electrical work. They are often designed for precision and comfort, and are used by professionals in various industries."
consensus,A **consensus** is a general agreement or opinion shared by most people in a group. It represents a decision or view that has been reached through discussion and agreement among individuals.
irony,"Irony is a situation where the opposite of what is expected happens, often in a surprising or humorous way. It can also involve saying the opposite of what is meant."
michaelmann,"Michael Mann is a scientist, author, and speaker known for his work on climate change. He writes and speaks about environmental issues, and he has published several books on the topic."
professional,A professional is someone who has special training and skills in a particular job or field and works at a high level.
ethics,"Ethics is the study of what is right and wrong in human behavior, guiding how people should make decisions and act in different areas of life."
climate,"Climate refers to the long-term weather conditions and patterns in a particular area, including temperature, precipitation, and other atmospheric factors."
scientists,"Scientists are people who study and use knowledge to understand the natural and physical world, often through research and experimentation. In the context of AI, ""AI Scientists"" refers to a type of AI system designed to be safe, useful, and modeled after ideal non-experimental scientists, without acting autonomously in the real world."
obx,"The OBX refers to the Outer Banks, a chain of barrier islands along the coast of North Carolina, known for their beaches, history, and outdoor activities."
gboro,"The word ""Gboro"" refers to a type of enemy in the game *Gods Eater Burst*, known for their large numbers and overwhelming attacks, especially in the mission ""Gboro-Gboro Panic,"" where they cause a lot of damage and difficulty for players."
robertashton,"Robert Ashton is an author who writes about thinking, writing, and shares his latest and forthcoming books. He also engages with readers through his blog and provides contact information."
swarmtweets,"Swarmtweets is an unofficial Twitter subreddit on Reddit where users discuss and share news about Twitter, including topics like Elon Musk's changes to the platform."
tree,"A tree is a tall plant with a trunk, branches, and leaves, typically growing in soil and living for many years. It provides oxygen, supports wildlife, and is important for the environment and communities."
sarcasm,"Sarcasm is the use of bitter or mocking words, often disguised as humor, to express contempt or cause pain. It is typically seen as a negative way to deal with anger or frustration."
att,"AT&T is a company that provides wireless and internet services. They offer phone plans, devices, and internet connections, and they have deals and promotions for new customers."
wfaa,"WFAA is a television station that provides news, sports coverage, and special events, such as live broadcasts of high school football games and the Michelin Guide 2025 Texas awards. It also offers online streaming through its platform, WFAA+."
not,"The word ""not"" is used to negate something, meaning the opposite. It can also be used in phrases and expressions to show disagreement, refusal, or to emphasize something."
stopping,"Stopping is the present participle of ""stop,"" meaning the action of ceasing movement or activity."
acronyms,"Acronyms are words formed from the initial letters of a phrase, often used as abbreviations for terms like ""GPEI"" or ""CMS."""
cool as fuck,"""Cool as fuck"" is an expression used to describe something that is extremely cool, stylish, or impressive."
judge me,"Judge.me is a product reviews app that allows customers to leave star ratings, photos, and videos for products. It is used by businesses on platforms like Shopify to gather customer feedback. However, some users have expressed dissatisfaction with its recent shift to a chatbot system."
nightshift,"""Nightshift"" is a song by the Commodores, released in 1985. It is an R&B/soul track from their album of the same name. The song has different versions, including a longer album version and a shorter 7"" single edit. It was widely charted in several countries and became one of their popular songs."
hardcore,"Hardcore refers to a genre of music, often associated with intense energy and raw sound, and can also describe extreme or explicit content in various media, such as films, pornography, or wrestling. It is also used as a term for a subculture or style of expression that is aggressive, unfiltered, and often associated with punk or electronic dance music."
teamwork,"Teamwork is working together with others to achieve a common goal, often involving collaboration, communication, and shared responsibility."
not,"The word ""not"" is used to negate something, meaning the opposite. It can also be used in phrases and expressions to show disagreement, refusal, or to emphasize something."
always,"The word ""always"" means at all times or without exception. It is used to indicate that something happens or is true continuously."
it wasnt,"The word ""it wasn't"" is used to deny that something was done or happened. It means ""it was not."""
purely economics,"**Purely economics** refers to an approach in economics that focuses solely on positive, descriptive analysis without incorporating normative judgments or ethical considerations. It aims to explain economic phenomena based on observable facts and behaviors rather than prescribing how things should be."
not,"The word ""not"" is used to negate something, meaning the opposite. It can also be used in phrases and expressions to show disagreement, refusal, or to emphasize something."
ew,"""EW"" stands for ""Entertainment Weekly,"" which is a popular magazine that covers entertainment news, celebrity stories, TV shows, movies, and music."
saywhat,Saywhat is a tool that helps people build their LinkedIn presence and generate leads by creating content and engaging with their community more efficiently.
pump,"A pump is a device used to move fluids, such as water or liquid, by mechanical action, often using various types of mechanisms like gears, screws, or rotating vanes."
yay,"Yay is an exclamation used to express happiness, excitement, or approval."
not,"The word ""not"" is used to negate something, meaning the opposite. It can also be used in phrases and expressions to show disagreement, refusal, or to emphasize something."
irony,"Irony is a situation where the opposite of what is expected happens, often in a surprising or humorous way. It can also involve saying the opposite of what is meant."
sarcasm,"Sarcasm is the use of bitter or mocking words, often disguised as humor, to express contempt or cause pain. It is typically seen as a negative way to deal with anger or frustration."
notworthit,"The word ""notworthit"" means something is not worth the effort or time spent on it."
o voted,"The word ""voted"" means to officially expressed your choice in an election."
born alive die,"**Born alive** means that a baby has successfully been born and is alive, as opposed to being stillborn. It refers to a child who is breathing and showing signs of life immediately after birth."
th trimester abortions,"Second-trimester abortions are procedures performed between 13 and 26 weeks of pregnancy, usually involving dilation and evacuation, and are more expensive than first-trimester abortions."
lol,"""lol"" is an informal way of saying ""laugh out loud,"" often used in text messages or online to show that someone finds something funny. It can also be used as a verb, and in some cases, it's combined with other words like ""lolwut"" to express confusion or bemused laughter."
orionda,"Orionda is a company based in Qingdao, China, established in 2009. It is a manufacturer and supplier of woodworking machinery and power tools, with over 10 years of experience in producing high-quality equipment like table saws, mortisers, and Sanders."
em economies,"Emerging economies are countries that are in the process of rapid industrialization and economic growth, typically characterized by developing markets, increasing integration into the global economy, and a mix of high growth potential and economic challenges."
dollardenominated loans,"Dollar-denominated loans are loans that are borrowed and repaid in US dollars, which can expose countries to risks from currency fluctuations and may encourage practices like fossil fuel extraction to meet repayment obligations."
international banks,"International banks are financial institutions that operate across multiple countries, offering services like international payments, global money accounts, mortgages for international borrowers, and other banking services such as ATM banking and global transfers."
sarcasm,"Sarcasm is the use of bitter or mocking words, often disguised as humor, to express contempt or cause pain. It is typically seen as a negative way to deal with anger or frustration."
fitfam,"FitFam is a free, volunteer-led fitness community that helps people stay active and healthy through local and online groups in cities around the world."
fitness,"Fitness is the state of being healthy and strong, especially through physical exercise and proper nutrition. It involves improving your body's ability to function efficiently and effectively."
health,"Health is a state of physical, mental, and emotional well-being. It involves maintaining a balanced lifestyle, making informed choices, and seeking reliable information to support overall wellness."
san,"SAN can refer to Straight Arrow News, an unbiased news source that provides updates, podcasts, and articles covering various topics including politics, military, and international news. It also refers to San Diego, a city in California, and can be an abbreviation for San Diego State University."
andreas,"The word ""andreas"" is a variant spelling of the name ""Andrew,"" often used as a male given name of Greek origin."
is,The word **is** in this context refers to a CSS pseudo-class used to match elements that are selected by one of the listed selectors. It allows for grouping multiple selectors together to apply styles to elements that match any of them.
coming,"The word ""coming"" means something that is about to happen or is approaching. It can also refer to the action of arriving or moving toward a place."
in,"The word ""in"" is a preposition that shows something is inside or within a place, or that something is included in a group or situation. It can also be used to indicate a position or direction toward something."
media,"Media refers to the means of communication or the channels through which information, entertainment, or news is transmitted, such as television, radio, newspapers, and the internet."
has,"The word ""has"" is the present tense third-person singular form of the verb ""have,"" used to indicate possession or possession of something."
released,Released means made something available to the public or made it known.
that,"The word ""that"" is used to point out something specific, connect ideas, or introduce a statement. It can also be used to refer back to something mentioned earlier."
gta,"GTA stands for ""Grand Theft Auto,"" which is a popular series of action-adventure video games developed by Rockstar Games. The games feature open-world environments, criminal activities, and often include satirical commentary on urban life."
san,"SAN can refer to Straight Arrow News, an unbiased news source that provides updates, podcasts, and articles covering various topics including politics, military, and international news. It also refers to San Diego, a city in California, and can be an abbreviation for San Diego State University."
andreas,"The word ""andreas"" is a variant spelling of the name ""Andrew,"" often used as a male given name of Greek origin."
is,The word **is** in this context refers to a CSS pseudo-class used to match elements that are selected by one of the listed selectors. It allows for grouping multiple selectors together to apply styles to elements that match any of them.
not,"The word ""not"" is used to negate something, meaning the opposite. It can also be used in phrases and expressions to show disagreement, refusal, or to emphasize something."
coming,"The word ""coming"" means something that is about to happen or is approaching. It can also refer to the action of arriving or moving toward a place."
in,"The word ""in"" is a preposition that shows something is inside or within a place, or that something is included in a group or situation. It can also be used to indicate a position or direction toward something."
not,"The word ""not"" is used to negate something, meaning the opposite. It can also be used in phrases and expressions to show disagreement, refusal, or to emphasize something."
private cloud,"A private cloud is a dedicated cloud computing environment that is secured and customized for a single organization, offering greater control, security, and flexibility compared to public clouds."
if,"The word ""if"" is used to introduce a condition or a hypothetical situation, often asking whether something is possible or what would happen in a certain scenario."
i,"The word ""I"" in this context refers to a form used by U.S. Citizenship and Immigration Services (USCIS) to collect information from individuals. These forms are used for various immigration purposes such as employment verification, adjusting status, applying for naturalization, and more. Each form has a specific purpose and is used by different categories of applicants."
were,""" Were"" is the past tense and past participle of the verb ""to be."" It is used to describe actions or states that happened in the past."
to,"The word ""to"" is used to indicate direction, purpose, or relationship. It can show where something is going, what something is used for, or how one thing relates to another."
ask,"Ask means to request something from someone, or to question someone. It can also be used in phrases to describe a difficult or unlikely request."
for,"**For** is a preposition and a conjunction. As a preposition, it is used to indicate purpose, reason, possession, equality, time, or extent. For example: ""money for lunch,"" ""because,"" or ""waited for several hours."" As a conjunction, it is used to connect clauses, such as ""I went to the store for milk."""
as,"The word ""AS"" stands for ""Asociación de la Prensa de España,"" which is a Spanish sports news website that covers football (soccer), other sports, and related topics. It provides news, scores, standings, and other updates."
long,"A **long** is a data type in programming that represents a 64-bit signed integer. It can store whole numbers ranging from -9,223,372,036,854,775,808 to 9,223,372,036,854,775,807. It is used to handle large integer values and has methods for various operations like comparison, decoding, and mathematical calculations."
as,"The word ""AS"" stands for ""Asociación de la Prensa de España,"" which is a Spanish sports news website that covers football (soccer), other sports, and related topics. It provides news, scores, standings, and other updates."
possible,"Possible refers to something that can be achieved or realized, often with a focus on making high-quality healthcare accessible to all people, especially in Nepal. It also represents a company that provides fast financial services and supports mental health initiatives."
thinking,"Thinking is the process of using your mind to understand, reason, and make decisions. It involves analyzing information, solving problems, and forming ideas or judgments."
cleveland,"Cleveland is a city in Ohio, known for its local news, sports, and weather. It is also the name of a golf equipment brand that makes clubs, including wedges and woods, and offers a club program for customers."
sarcasm,"Sarcasm is the use of bitter or mocking words, often disguised as humor, to express contempt or cause pain. It is typically seen as a negative way to deal with anger or frustration."
liberated,"Liberated means set free from control, restriction, or oppression."
sarcasm,"Sarcasm is the use of bitter or mocking words, often disguised as humor, to express contempt or cause pain. It is typically seen as a negative way to deal with anger or frustration."
tag a teammate,"The phrase ""tag a teammate"" means to notify or involve a teammate, often in a game or team activity, to take action or join in."
so bad,"The phrase ""so bad"" is used to describe something that is extremely poor in quality, often in a humorous or ironic way. It can also refer to a movie or show that is intentionally bad and becomes popular for that reason."
he runs the line every week,"The phrase ""he runs the line every week"" means that he consistently participates in the team's practice sessions and game preparations on a weekly basis."
samclough,"SamClough is a creative writer with a wide range of interests, including space, microbiology, cybernetics, and various scientific fields. He enjoys writing, reading, and has quirky habits like drinking tea and discussing eschatology and cryptology."
cl,"CL is a South Korean singer and rapper, known as one of the leading figures in K-pop. She is recognized for her powerful voice, unique style, and influence in both music and fashion. CL has collaborated with top brands like Maybelline, Kenzo, and Moschino, and is admired for her strong presence in the entertainment industry."
pen,"A pen is a writing instrument used to make marks on paper or other surfaces, typically by drawing a line with ink. It can come in many types, such as ballpoint, fountain, gel, and retractable pens."
not good enough,"""Not good enough"" is a belief that something is insufficient or inadequate, often leading to shame and self-criticism. It refers to unrealistic expectations that can harm mental health and prevent personal growth. Moving toward a ""good enough"" mindset means accepting imperfection and focusing on what truly matters."
gutted,"The word ""gutted"" means to remove the internal contents or to severely damage something, often in a way that leaves it weakened or ineffective. It can also be used informally to express shock or disappointment."
up,"The word ""up"" refers to the direction opposite to ""down,"" or it can mean increasing in amount, level, or degree. It is also used to describe something moving or going in that direction, such as a balloon flying up."
okay cool,"Okay cool is a term used to describe something that is stylish, trendy, and appealing, often associated with modern and fashionable designs. It is also used to indicate approval or satisfaction."
not,"The word ""not"" is used to negate something, meaning the opposite. It can also be used in phrases and expressions to show disagreement, refusal, or to emphasize something."
nothink,"Nothink è un marchio di scarpe che permette di cambiare facilmente il tacco per adattarsi a diverse occasioni, combinando stile e comfort."
wvhs,"WVHS stands for Wilsonville High School, a public high school located in Wilsonville, Oregon."
hoop,"Hoop refers to a circular ring or band, often made of metal or plastic, used for various purposes such as holding items together, providing support, or as part of products like pain relief patches and lotions."
nothighlanders,"Nothighlanders refers to people who are not from the Scottish Highlands. The term is used in the context of contrasting the beliefs of Highlanders, who are convinced of the existence of the Loch Ness Monster, with people from elsewhere who may not share that belief."
alexiapaige,Alexia Paige is an Alaskan native and licensed boat captain who attended a guide school in Montana to improve her guiding skills and build her network in the fishing industry. She is known for her experience in fly fishing and her passion for the sport.
lovee,"Lovee Sarenas is a bankruptcy and restructuring attorney who specializes in helping clients navigate insolvency situations, such as Chapter 7 and Chapter 11 bankruptcy cases. She has also served as a judicial clerk for two bankruptcy judges."
powerdressing,"Power dressing refers to the practice of wearing professional and assertive clothing, such as suits, to project confidence, authority, and competence, especially in business or leadership settings."
sarcasm,"Sarcasm is the use of bitter or mocking words, often disguised as humor, to express contempt or cause pain. It is typically seen as a negative way to deal with anger or frustration."
faux leather,Faux leather is a man-made material that looks and feels like real leather but is not made from animal skin. It is often used as a cheaper and more sustainable alternative to genuine leather.
scoop back,"A **scoop back** is a style feature on clothing, typically a garment, where the back opening is shaped like a scoop, creating a curved or open design at the back."
midi dress,"A midi dress is a type of dress that reaches the mid-calf area, typically falling between the knee and ankle. It is often designed for formal or special occasions and can come in various styles and patterns."
zipper sleeveless,A zipper sleeveless dress is a type of dress that has no sleeves and features a zipper for easy putting on and taking off.
connect,"Connect refers to the action of linking or joining something to a network or system, often used in the context of logging into a website or service."
irony,"Irony is a situation where the opposite of what is expected happens, often in a surprising or humorous way. It can also involve saying the opposite of what is meant."
why oh why,"""Why oh why"" is an expression used to show confusion, frustration, or longing for an explanation. It is often repeated and used in songs or conversations to emphasize a sense of wonder or helplessness about a situation."
leaf blowing,"Leaf blowing is the act of using a machine or tool to blow leaves away, usually from sidewalks, lawns, or other outdoor areas."
hold on a minute,""" Hold on a minute"" is a phrase used to ask someone to pause or wait briefly. In the context of medical practices, it refers to the time taken to perform necessary procedures, like sampling blood gases, while waiting for a baby's cord to clamp."
sarcasm,"Sarcasm is the use of bitter or mocking words, often disguised as humor, to express contempt or cause pain. It is typically seen as a negative way to deal with anger or frustration."
sarcasm,"Sarcasm is the use of bitter or mocking words, often disguised as humor, to express contempt or cause pain. It is typically seen as a negative way to deal with anger or frustration."
racially based awards,"Racially based awards are prizes or recognitions that are given with consideration to a person's race, often in ways that may favor or disadvantage certain racial groups."
not,"The word ""not"" is used to negate something, meaning the opposite. It can also be used in phrases and expressions to show disagreement, refusal, or to emphasize something."
nothink,"Nothink è un marchio di scarpe che permette di cambiare facilmente il tacco per adattarsi a diverse occasioni, combinando stile e comfort."
clashupdate,"A ""clashupdate"" is not a standard term, but based on the context provided, it seems to refer to a situation where there is a conflict or problem, such as an error message on Instagram, and the system is working to fix it."
not,"The word ""not"" is used to negate something, meaning the opposite. It can also be used in phrases and expressions to show disagreement, refusal, or to emphasize something."
sasaeng fans,"Sasaeng fans are extreme fans who go beyond normal fandom by trying to get close to celebrities or idols, sometimes in harmful ways. They are often young females and can engage in obsessive or dangerous behavior."
oppa,"Oppa is a noun borrowed from Korean, meaning a term of endearment or affection, typically used for a brother or a close male friend. It is used mainly in modern English, especially in contexts related to Korean culture."
republicans,"Republicans are a political party in the United States that has historically supported fiscal conservatism, but by the 2020s, this became less central to their platform. They have been involved in debates over voting restrictions and policies related to race and civil rights. The party includes various groups such as the Young Republicans and the Republican National Hispanic Assembly, but opinions within the party can vary, especially regarding issues like environmental policies and social values."
irony,"Irony is a situation where the opposite of what is expected happens, often in a surprising or humorous way. It can also involve saying the opposite of what is meant."
alanis morissette,"Alanis Morissette is a Canadian singer, songwriter, and musician known for her powerful voice and emotionally honest music. She is famous for albums like *Jagged Little Pill* and has won multiple awards throughout her career."
solution,"The **Solution LS** is a customizable hunting bow from Bowtech, featuring advanced technology like DeadLock and an Aeromag magnesium riser, offering archers flexibility and performance at a great value."
not,"The word ""not"" is used to negate something, meaning the opposite. It can also be used in phrases and expressions to show disagreement, refusal, or to emphasize something."
fix,"Fix, in this context, refers to the stock ticker symbol for Comfort Systems USA, Inc., a company listed on the New York Stock Exchange. It is used to track the company's stock price, performance, and financial news."
excuse,"An excuse is a reason given to justify or explain something, often to make it seem acceptable or to avoid blame."
not,"The word ""not"" is used to negate something, meaning the opposite. It can also be used in phrases and expressions to show disagreement, refusal, or to emphasize something."
workout,"A **workout** is a session of physical exercise aimed at improving fitness, strength, or health."
left regressives,"Left regressives, also called regressive left or regressive liberals, is a term used to describe a group within the left-wing politics that is criticized for supposedly supporting views that go against liberal principles, such as being tolerant of ideas that conflict with progressive values."
coaching search,"A **coaching search** is the process of looking for a new coach for a sports team, often involving evaluating candidates and selecting the best fit for the position."
sarcasm,"Sarcasm is the use of bitter or mocking words, often disguised as humor, to express contempt or cause pain. It is typically seen as a negative way to deal with anger or frustration."
celebrity,"A celebrity is a person who is widely known for their work, appearance, or lifestyle, and is often admired or famous for positive reasons. They may be in entertainment, sports, politics, or other fields, and their fame is usually associated with a favorable public image."
fact,"A **fact** is something that is known to be true or real, based on evidence or reliable information."
teamfollowback,"**TeamFollowBack** is a hashtag used to show how online comments and actions can affect people in real life, often highlighting the negative impact of online behavior, such as drama or threats."
irony,"Irony is a situation where the opposite of what is expected happens, often in a surprising or humorous way. It can also involve saying the opposite of what is meant."
espn,"ESPN is a sports network that provides live coverage, news, and information on various sports, including college football, basketball, and more. It also offers apps, websites, and social media platforms for fans to stay updated and engage with sports content."
sarcasm,"Sarcasm is the use of bitter or mocking words, often disguised as humor, to express contempt or cause pain. It is typically seen as a negative way to deal with anger or frustration."
nhsengland,NHS England is an organization in England that leads the NHS to provide high-quality healthcare services to everyone.
aande,"The word ""aande"" refers to a type of plant or flower, often associated with specific colors and names in a traditional or cultural context."
holidayperiod,"A holiday period is a time of celebration and leisure, often involving special events, gatherings, and changes in routine."
sarcasm,"Sarcasm is the use of bitter or mocking words, often disguised as humor, to express contempt or cause pain. It is typically seen as a negative way to deal with anger or frustration."
jeremyhunt,"Jeremy Hunt is a British politician who has held several high-ranking positions in the UK government, including Culture Secretary, Health Secretary, and Foreign Secretary. He has also been a candidate for the leadership of the Conservative Party."
world on a string,"""I've Got the World on a String"" is a 1932 jazz song written by Harold Arlen and Ted Koehler. It is a popular music piece that has been covered by many artists, including Louis Armstrong and Cab Calloway."
applications,"Applications are requests for action or relief, such as bail or an extension of time to file. They can also be forms used to make such requests, like an insurance application. Applications can also refer to uses or purposes of something, like new applications for technology."
whatamidoing,"The word ""whatamidoing"" is a username or handle used on the MediaWiki platform, likely referring to a user involved in discussions or tools related to improving the use of talk pages on wikis. It does not have a standard definition outside of this context."
foh,"FOH stands for ""Front of the House,"" which refers to the part of a restaurant or hospitality business where customers interact, including areas like dining rooms, bars, and service stations. It focuses on guest experience and service."
mopani worms,"Mopani worms are the caterpillars of the mopane moth, known for their unique taste and high nutritional value. They are harvested and eaten as a food source, often cooked with spices and other ingredients. They require less feed to produce more meat compared to traditional livestock, making them a cost-effective and sustainable protein source."
sarcasm,"Sarcasm is the use of bitter or mocking words, often disguised as humor, to express contempt or cause pain. It is typically seen as a negative way to deal with anger or frustration."
funny,"The word ""funny"" means something that causes laughter or amusement, often because it is humorous or unexpected."
tank top,"A tank top is a sleeveless shirt typically worn by both men and women. It is named after tank suits, which were one-piece bathing suits from the 1920s. It is a casual garment often worn in everyday situations."
gophers,"Gophers are small, burrowing rodents that live underground and are known for creating mounds of soil on the surface. They are often found in grassy areas and are part of the Geomyidae family."
sammycommentary,"Sammycommentary refers to a type of commentary or explanation provided by someone named Sammy, often in a humorous or informal style, typically seen in videos or online content."
bitches,"The word ""bitches"" is a slang term that is often used to refer to women in a derogatory or disrespectful manner. It can also be used as an exclamation or to express frustration. However, it is important to note that this term is considered offensive and should be used with caution or avoided altogether."
have to the mother not show up,"The word ""have to the mother not show up"" is not a standard phrase or word. It seems to be a mix of unrelated ideas or possibly a mistranslation. It does not have a clear definition."
not,"The word ""not"" is used to negate something, meaning the opposite. It can also be used in phrases and expressions to show disagreement, refusal, or to emphasize something."
nothink,"Nothink è un marchio di scarpe che permette di cambiare facilmente il tacco per adattarsi a diverse occasioni, combinando stile e comfort."
c,"C is a general-purpose, cross-platform programming language known for its efficiency and flexibility. It is widely used for system programming, embedded systems, and applications where performance is critical. C has a simple syntax, supports static typing, and is foundational to many other languages like C++, Java, and C#."
mikebrown,"Mike Brown is a songwriter, musician, producer, and picker who is also a Grammy nominee. He has a website where you can find information about his music, shows, photos, videos, and contact details."
trayvonmartin,"Trayvon Martin was a 17-year-old African American teenager who was fatally shot by George Zimmerman in 2012. His death sparked national discussions about race, gun violence, and racial profiling in the United States."
ericgarner,Eric Garner was a man who was killed by a police officer in 2014. His death sparked widespread protests and discussions about police violence and racial injustice. He is remembered for his struggle for justice and the impact his case had on movements for police reform.
lucrative career,A **lucrative career** is a career that offers high earnings and financial reward.
rapha,"Rapha is a brand that makes cycling clothing and accessories, such as jerseys, bibs, shoes, and eyewear, designed for road and mountain biking. They also offer a newsletter with updates on their products and cycling-related topics."
festive,"Festive means joyful, happy, or suitable for a celebration or festival."
willbmx,"""Willbmx"" appears to be a term related to a BMX mod.io project, likely referring to a specific mod or game related to BMX riding, requiring JavaScript to be enabled in the browser for it to function."
wee,"Wee is a term used to describe something small, young, or tiny, often used in a affectionate or playful way. It can also be part of a name, such as ""Wee Care,"" which refers to a program supporting children's well-being."
undo,"Undo means to reverse or stop the harmful effects of something, like the damage caused by big tobacco, and work to create healthier communities."
affordable care act,"The Affordable Care Act is a U.S. law enacted in 2010 to reform and expand healthcare coverage, including provisions like the health insurance marketplace and contraceptive mandate. It is also known as Obamacare."
decline,"A **decline** is a decrease or reduction in something over time, such as empathy or cognitive ability."
not gonna happen,"The word ""not gonna happen"" means something is unlikely or certain not to occur."
test anxiety,"Test anxiety is a type of anxiety that occurs during testing situations, often involving feelings of worry, nervousness, or fear that can affect a person's ability to perform well on tests. It may have genetic links and is sometimes related to other forms of anxiety."
gonna,"Gonna is an informal way of saying ""going to,"" used in spoken language to talk about future actions or possibilities."
sarcasm,"Sarcasm is the use of bitter or mocking words, often disguised as humor, to express contempt or cause pain. It is typically seen as a negative way to deal with anger or frustration."
sarcasm,"Sarcasm is the use of bitter or mocking words, often disguised as humor, to express contempt or cause pain. It is typically seen as a negative way to deal with anger or frustration."
a,"The letter ""a"" is a vowel in the Latin alphabet. It is used in many languages and has different sounds depending on the language. In English, it can represent sounds like /a/, /æ/, /ɑː/, /ɒ/, /ɔː/, /ɛː/, /eɪ/, or /ə/. It is also used to denote high quality, prestige, or top status, such as in grades, lists, or classifications. The letter ""a"" has a Unicode encoding of U+0061 for the lowercase form."
sarcasm,"Sarcasm is the use of bitter or mocking words, often disguised as humor, to express contempt or cause pain. It is typically seen as a negative way to deal with anger or frustration."
off week,"An ""off week"" refers to a scheduled week, typically during an academic or event calendar, when specific activities, events, or programs are held, such as BLAST Off Week at the College of Engineering and Computing. It is a time for community engagement, learning, and showcasing resources."
scribbling,"Scribbling refers to writing or drawing in a careless, informal, or quick manner, often with a pen or pencil."
angrypretty things,"The word ""angrypretty things"" does not have a standard definition. It appears to be a combination of ""angry"" and ""pretty things,"" which may be used in a creative or informal way to describe something that is both angry and pretty, or perhaps something that is unexpectedly pretty despite being angry. However, it is not a recognized term in standard language."
sarcasm,"Sarcasm is the use of bitter or mocking words, often disguised as humor, to express contempt or cause pain. It is typically seen as a negative way to deal with anger or frustration."
probbs,"The word ""probb"" is likely a misspelling or abbreviation, possibly referring to ""probabilities"" or ""probabilities"" in a slang or informal context. It appears in the context of event listings, suggesting it might be part of a group name or event title."
tripplebeam,"Triple Beam is a pizza restaurant that offers a variety of pizzas, catering services, and has multiple locations including Highland Park, Echo Park, Glendora, and Santa Monica. They also provide online ordering and catering options."
music,"Music is a form of art that uses sound and rhythm to create expression, often performed or played through instruments, voices, or digital platforms like Apple Music."
promotions,"Promotions is a yearlong class that combines creativity with research, strategy, and analytics, focusing on building integrated marketing campaigns for real clients."
nuff,"The word ""nuff"" is an informal way of saying ""enough."" It is used to indicate that there is no more need for something or that a statement has been made."
couldnt,"The word ""couldnt"" is a misspelling of ""couldn't,"" which is a contraction of ""could not."" It is used to express inability or impossibility."
repin,Ilya Repin was a Russian painter known for his realistic style and over 650 artworks. He was born in 1844 and died in 1930.
tattooplease rt,Tattoooplease rt is not a standard word or phrase. It may be a misspelling or a combination of words that does not have a clear meaning based on the provided information.
tco,"TCO stands for ""Tailored Customer Experience,"" referring to a program that offers personalized gear and services, such as guided fishing, travel concierge, and rewards, tailored to individual customer needs."
zing,"Zing is a platform that offers various business tools and services, including marketplace solutions, jewelry sales, and shipping options, aimed at helping businesses grow and manage their operations."
quickie,"Quickie is a brand that makes lightweight wheelchairs, often with special pricing or models like the QXi Ultralight or 2 Ultralight."
dreamagain,"DreamAgain is a movement or concept that encourages people to pursue their dreams again, even after they were previously dismissed or put aside. It promotes creativity, taking chances, and rethinking limitations."
habitually,Habitually means doing something regularly or as a usual habit.
sanghi,"Sanghi is a Chinese restaurant that offers Asian fusion cuisine, with both dine-in and delivery options. It has seating for up to 180 guests, private rooms for gatherings, and delivers food through Uber Eats and DoorDash in North Wales and surrounding areas."
sarcasm,"Sarcasm is the use of bitter or mocking words, often disguised as humor, to express contempt or cause pain. It is typically seen as a negative way to deal with anger or frustration."
indiawithpakistan,"#IndiawithPakistan is a hashtag used to show solidarity and support between Indians and Pakistanis, especially during times of tragedy or grief, such as after the Peshawar attack. It represents unity and shared empathy across the two nations."
lakhvi,"Zaki-ur-Rehman Lakhvi is a senior leader of the Lashkar-e-Taiba, a militant group, and has been involved in planning and directing attacks in several countries. He has also organized training for suicide bombers and managed fundraising activities for the group."
waking up every couple hours,"Waking up every couple of hours is when someone stirs or wakes up repeatedly during the night, often for short periods. It can be caused by various factors like age, light sleep, or conditions like restless leg syndrome."
cool,"Cool can mean to become or make something cold, to calm down, or to stay calm and composed. It can also describe a relaxed, nonchalant attitude."
not,"The word ""not"" is used to negate something, meaning the opposite. It can also be used in phrases and expressions to show disagreement, refusal, or to emphasize something."
nothink,"Nothink è un marchio di scarpe che permette di cambiare facilmente il tacco per adattarsi a diverse occasioni, combinando stile e comfort."
eff,"EFF stands for Electronic Frontier Foundation, which is a non-profit organization that fights to protect civil liberties in the digital world."
bedroom,"A bedroom is a room in a house primarily used for sleeping and resting. It often includes a bed, storage, and other furniture for comfort and organization."
decoration,Decoration refers to the act of placing flowers or other items on graves as a sign of respect and honor for those who have died while serving in the military.
upstairs,Upstairs is an international platform focused on teaching architectural representation and visualization. It offers courses and resources to help architects improve their communication skills and digital tools in the design process.
christmas,"Christmas is a Christian holiday celebrating the birth of Jesus Christ, observed on December 25th, often marked by gift-giving, special church services, and festive traditions around the world."
decorations,"Decorations are items used to make a space look festive, attractive, or special, such as lights, banners, or ornaments."
downstairs,Downstairs refers to the part of a building that is below ground level or on a lower floor.
now,"The word ""now"" refers to the present time, or it can be used to indicate something that is happening at the moment. In the given context, ""NOW"" is also the name of a national organization for women, focused on feminist issues and advocacy."
xx,"xx is a term used online to represent something that is unknown, unclear, or not specified. It is often used as a placeholder when specific information is missing."
not,"The word ""not"" is used to negate something, meaning the opposite. It can also be used in phrases and expressions to show disagreement, refusal, or to emphasize something."
teamnosleep,"TeamNoSleep is a community-based organization that helps refugees fleeing persecution due to their sexual orientation, gender identity, or expression by improving their economic livelihoods."
cantopeneyes,"The word ""cantopeneyes"" is not a standard English word. It might be a misspelling or a made-up term. Based on the given information, it does not have a clear definition."
mygov,"MyGov is an integrated, adaptable software platform designed for local governments to streamline processes like permitting, licensing, and collections. It allows departments to work together more efficiently, offers online payment options, and provides tools for managing liens and property records."
medicare,"Medicare is a federal health insurance program in the United States that provides coverage for people aged 65 and older, as well as certain younger people with disabilities, to help pay for medical care and prescription drugs."
empties,Empties are objects that no longer have any purpose or function and can be removed or deleted.
dems,"DEM stands for Digital Elevation Model, which is a 3D representation of a landscape's surface, often created using data like lidar or IF SAR."
irony,"Irony is a situation where the opposite of what is expected happens, often in a surprising or humorous way. It can also involve saying the opposite of what is meant."
ferguson,"Ferguson refers to Ferguson Enterprises, LLC, a company that operates a website and provides products like plumbing supplies and HVAC parts. It is involved in online transactions and has specific terms and conditions for customers."
mo,"MO is an abbreviation for Altria Group, Inc., a company in the tobacco industry that focuses on long-term growth and shareholder returns. It is also used as an abbreviation for ""month"" in financial contexts like ""YTD Return MO"" which means ""Month-to-Date Return."""
zoloft,"Zoloft is a brand name for the drug sertraline, which is used to treat depression and other mental health conditions. It is available as a generic medication under many brand names worldwide."
irony,"Irony is a situation where the opposite of what is expected happens, often in a surprising or humorous way. It can also involve saying the opposite of what is meant."
psychhumor,"Psychhumor is a type of humor that explores or plays with psychological themes, often involving the subconscious, mental states, or psychological theories."
bambino,"Bambino is a term used to refer to a child, often in a playful or affectionate way. It is also the name of a brand that sells SPC flooring and is associated with travel services."
rejoice,"Rejoice means to feel or show great happiness and pleasure, especially because something good has happened."
not easy,"Not easy means something that is difficult to do or achieve. It describes a task or situation that requires effort, skill, or perseverance."
nothink,"Nothink è un marchio di scarpe che permette di cambiare facilmente il tacco per adattarsi a diverse occasioni, combinando stile e comfort."
dua,"Dua is a brand that offers premium fragrances, including luxury scents like Ethereal Bloom Exclusif and Petal Sugar, available in 100ML sizes. It also features special editions and seasonal collections."
vote rigger,"A vote rigger is someone who tries to influence or manipulate the outcome of an election by illegally interfering with the voting process, such as through vote buying or electoral fraud."
food banks,"A food bank is an organization that provides free groceries and meals to people in need, often serving as a resource for those facing hunger or food insecurity."
online bully,"An online bully is someone who harasses or harms others through the internet, often without revealing their identity. They may target individuals for unknown reasons, and their actions can have serious emotional and social effects on the victim."
irony,"Irony is a situation where the opposite of what is expected happens, often in a surprising or humorous way. It can also involve saying the opposite of what is meant."
left alone more bouncers than played,"The phrase ""left alone more bouncers than played"" seems to describe a situation where there are more people who are left alone (possibly in a crowd or situation) than those who actively participated or ""played."" It might be used in a context like a party, game, or event to indicate that more people were passive or isolated rather than engaged."
got a review right,"The word ""got a review right"" means to accurately describe or evaluate something, especially in a review, by correctly identifying its strengths and weaknesses."
moveitalong,"MoveItAlong is a moving company that provides easy, accurate online moving quotes without any pressure or phone calls. They offer reliable moving services in Rochester, NY."
paidposting,**Paid posting** refers to promoting content on social media or platforms in exchange for payment.
tsu,"TSU stands for Tennessee State University, a thriving public institution of higher learning. It offers educational programs, campus resources, and services for students, visitors, and staff."
httptco,"""httptco"" is a shortened form of a URL, often used to link to a webpage or online content. It is not a complete URL on its own and is typically part of a longer web address."
irony,"Irony is a situation where the opposite of what is expected happens, often in a surprising or humorous way. It can also involve saying the opposite of what is meant."
rondo,"A **rondo** is a musical composition that features a recurring main theme, often with contrasting sections, and is typically structured in a pattern like A-B-A-C-A, where the main theme returns frequently."
ellis,"Ellis is a healthcare organization that provides medical services, including pediatrics, family medicine, and mental health care. It also offers educational programs and community initiatives to improve public health."
parsons,"Parsons is a company that values diversity, equity, and inclusion, and it offers opportunities for career growth and support to its employees and alumni. It is known for fostering innovation and providing a positive work environment."
dirk,"Dirk is a German surname, most famously associated with Dirk Nowitzki, a former professional basketball player known for his time with the Dallas Mavericks in the NBA."
chandler,"A Chandler is a person who works with candles, especially in making or selling them."
mavs,"MAVS is a protein involved in the immune response, particularly in detecting viral infections. It plays a key role in signaling pathways that help the body fight viruses."
cops,Cops refers to police officers or law enforcement personnel. It is also the name of a television show about police work.
black man,A black man is a man who is of African descent.
no aid,"""No aid"" means there is no financial assistance or support provided to help cover the cost of education or related expenses."
sarcasm,"Sarcasm is the use of bitter or mocking words, often disguised as humor, to express contempt or cause pain. It is typically seen as a negative way to deal with anger or frustration."
fucking,"The word ""fucking"" is an informal and strong way of expressing emphasis, surprise, or frustration. It is often used as an intensifier, similar to ""damn"" or ""hell,"" but it carries a more intense and sometimes vulgar tone."
cunt,"Cunt is a word that has evolved in meaning over time. Originally a term of insult, it has been reclaimed by feminists as a symbol of female power, beauty, and independence, often used to challenge taboos around women's bodies and sexuality."
song is about you now,"""About You Now"" is a song by the British girl group Sugababes from their 2007 album *Change*. It is a popular pop song that became a major hit in the UK and Europe, inspiring many artists to create their own covers."
how cute is that,"""How cute is that?"" is an expression used to show admiration or surprise at something that is considered cute or charming. It is often said when someone finds something delightful or endearing."
pain medications,"Pain medications are drugs used to relieve pain, including both over-the-counter and prescription options like NSAIDs, opioids, and topical creams."
not,"The word ""not"" is used to negate something, meaning the opposite. It can also be used in phrases and expressions to show disagreement, refusal, or to emphasize something."
nothink,"Nothink è un marchio di scarpe che permette di cambiare facilmente il tacco per adattarsi a diverse occasioni, combinando stile e comfort."
basicbrianna,"""Basic"" means fundamental or essential, something that is necessary or simple.  

""Brianna"" is a female name."
not,"The word ""not"" is used to negate something, meaning the opposite. It can also be used in phrases and expressions to show disagreement, refusal, or to emphasize something."
an,"The word ""an"" is an indefinite article used before a noun that starts with a vowel sound, such as ""an apple."" It is also a preposition and a conjunction, and it can sometimes be used before words starting with a silent ""h"" in certain contexts."
out till the death,"The phrase ""out till the death"" means to continue doing something despite the risk of death or until the end of life. It expresses determination and commitment to a task or situation, even in the face of danger."
lil,"""Lil"" adalah singkatan dari ""little,"" yang berarti kecil atau sedikit dalam bahasa Inggris."
troops,"Troops refer to a group of soldiers or military personnel, often used to describe a collective of armed forces members."
usveteranscorps,"The US Veterans Corps is an organization based in Cary, North Carolina, that focuses on supporting veterans through various programs and initiatives, including toy donations for children of veterans."
irony,"Irony is a situation where the opposite of what is expected happens, often in a surprising or humorous way. It can also involve saying the opposite of what is meant."
youtube,"YouTube is a popular online platform where people can watch, upload, and share videos. It also offers YouTube TV, which provides live TV channels and on-demand content."
ubisoft graduate program,"The Ubisoft Graduate Program is a training initiative that helps new talent start their career at Ubisoft, offering roles in areas like UX Design, Project Management, and Game Development. It provides support to understand the Ubisoft ecosystem and is available through different studios worldwide, depending on local needs."
gameplay programming,"Gameplay programming is the process of creating and implementing the core mechanics and interactions that make a game fun and engaging. It involves writing code to bring game ideas to life, ensuring smooth and enjoyable gameplay experiences."
drunks,"""Drunks"" is a 1995 American drama film that explores the struggles of recovering alcoholics as they support each other in their journey toward sobriety. The movie features Richard Lewis in a leading role and is directed by Peter Cohn."
alien,"An alien is a creature from another planet or world, often depicted in science fiction as a dangerous or unknown being."
religion,"Religion is a system of beliefs and practices, often involving the worship of a god or gods, that guides how people live and understand the world. It can include rituals, moral codes, and a sense of community."
fool,"A fool is someone who lacks sense or judgment, often making poor decisions, especially in financial matters."
not legal,Not legal means something that is against the law or not allowed by law. It is also called illegal.
legally,"""Legally"" means something that is allowed or required by law."
hoody,"A hoody is a type of clothing that is a hooded sweatshirt, often worn for warmth and comfort. It typically has a hood at the back and may include features like a facemask or integrated design elements."
sarcasm,"Sarcasm is the use of bitter or mocking words, often disguised as humor, to express contempt or cause pain. It is typically seen as a negative way to deal with anger or frustration."
sht,"The SHT stands for the Superior Hiking Trail, which is Minnesota's premier hiking and running trail."
mad gamers,"Mad gamers are enthusiastic players who are highly excited and passionate about video games, often spending a lot of time playing and discussing their favorite games."
blitzndizgaming,"Blitzndizgaming is a YouTube channel that provides gameplay guides, tips, and walkthroughs for the game *State of Decay*, covering topics like sandbox mode, character recruitment, and safe zone setups."
wellington,"Wellington is a town that offers community parks, fundraising for a Veterans Garden, and local government services. It also hosts events and has municipal utilities."
newzealand,"New Zealand is a country located in the southwestern Pacific Ocean, known for its natural beauty, diverse geography, and unique culture. It is composed of two main islands, with a population that includes people of various ethnic backgrounds and speaks English as the official language."
tco,"TCO stands for ""Tailored Customer Experience,"" referring to a program that offers personalized gear and services, such as guided fishing, travel concierge, and rewards, tailored to individual customer needs."
db,"DB stands for Deutsche Bahn, which is a major German railway company. It operates train services and is involved in transportation and logistics."
notcies,"The word ""notcies"" is likely a misspelling of ""notices."" It refers to official announcements or public information about events, such as funeral notices, obituaries, or legal notices."
eu,"The EU is a political and economic union of European countries that works together to create laws, manage shared resources, and promote cooperation among its members. It allows free movement of people, goods, and services, and supports research, innovation, and citizen engagement."
european council,The European Council is a political body composed of the heads of state or government of EU member states. It sets the overall political direction and priorities of the European Union.
press conference,A press conference is a meeting where journalists gather to ask questions and receive information from a public figure or organization.
donald tusk,Donald Tusk is a Polish politician who served as the Prime Minister of Poland and led the country's presidency of the Council of the European Union. He is known for presenting Poland's priorities and programs during his time in office.
jeanclaude juncker,"Jean-Claude Juncker is a former Prime Minister of Luxembourg, serving from 1995 to 2013. He also held key roles in European politics, including being President of the European Commission. He was known for his leadership and influence in both national and international affairs."
matteo renzi,"Matteo Renzi is an Italian politician who became the Prime Minister of Italy at a young age. He is known for his political career, including his role as the mayor of Florence, and has been featured in various media and sources."
u,"The word ""U"" refers to a nonimmigrant visa status in the United States for victims of crimes, also known as the U visa. It allows victims to stay in the U.S. temporarily while they cooperate with law enforcement investigations."
yr,"YR is a weather service developed by NRK and the Norwegian Meteorological Institute, providing accurate weather forecasts to help users prepare for different weather conditions. It also collaborates with brands like Fender and Jimmy Choo for customized products."
peyton,"Peyton is a given name, most famously associated with Peyton Manning, a former American football quarterback known for his successful career in the NFL and his contributions to sports and community initiatives."
leagues,"A **league** is a historical unit of distance, often used in navigation and measurement. It can vary in length depending on the region and time period, but it is commonly associated with distances around 4 to 5 kilometers. It is famously referenced in Jules Verne's novel *Twenty Thousand Leagues Under the Seas*."
st round,"St. Round is not a standard term or word. It appears to be part of the name ""St. David's Round Rock Medical Center,"" which is a healthcare facility. The term ""St. Round"" is not defined by the provided information."
irony,"Irony is a situation where the opposite of what is expected happens, often in a surprising or humorous way. It can also involve saying the opposite of what is meant."
flip the table,"Flip the Table is a social gaming space where people can gather to play board games, enjoy snacks and drinks, and have fun with friends and family."
screw the finals,"A ""screw the finals"" is a final screw that uses a Nobel® Unigrip/Star driver, with a torque of 35ncm. It is compatible with specific Nobel® implant systems and is stress tested to 150% of its nominal torque value."
tonite,"""Tonite"" is a variant spelling of ""tonight,"" meaning the current night or evening."
vine,"Vine is a program that selects reviewers to receive free products and share honest reviews on Amazon, helping other customers make informed decisions."
wont come up,"The word ""won't come up"" refers to a yo-yo that does not return to the hand after being thrown. It usually happens because the yo-yo is unresponsive, and the user needs to learn how to bind it properly."
lance,"A lance is a long, pointed weapon used for throwing or thrusting, often associated with historical battles and military use."
stephenson,"Stephenson is a surname, often associated with a funeral home business in Monticello, AR, and also refers to Neal Stephenson, an author."
jeez,"Jeez is an exclamation used to express surprise, frustration, or disappointment, often in a casual or informal way. It is similar to ""good grief"" or ""oh no."""
ebtbitches,"""EBTBitches"" is a slang term used to refer to women who are perceived as being entitled, disrespectful, or overly demanding, often in the context of public assistance programs like EBT (Electronic Benefit Transfer). It is used pejoratively to describe individuals who are seen as behaving in a negative or ungrateful manner."
geekynerdy,"**GeekyNerdy** refers to someone or something that shows a strong interest in and enthusiasm for niche subjects, often related to science, technology, books, movies, or games, and is typically associated with a passionate, detailed, and sometimes socially unconventional approach to these interests."
sarcasm marker,"A sarcasm marker is a symbol or notation used in text to indicate sarcasm, such as ""/s"" or a tilde (~) next to punctuation."
followers,"Followers are characters in a game who follow and assist the player, often obtained by freeing them from cages or other captives. They can be used for combat, crafting, or other tasks, but there are limits on how many can follow at once."
shitty,"**Shitty** means of very poor quality or extremely unpleasant. It can also mean suffering from illness or distress, or being cruel and unkind. It is often used informally and can have a vulgar tone."
soaked,Soaked means thoroughly wet or saturated with liquid.
mud,"The word ""mud"" refers to a thick, wet mixture of soil, water, and sometimes organic matter, often found in areas with heavy rainfall or near bodies of water. It is typically messy and can make walking or moving difficult."
clay,"Clay is a fine-grained natural soil composed mainly of hydrous aluminum silicates, often used in construction and art, and known for its malleability when wet."
iliketogetdirty,"The word ""iliketogetdirty"" is not a standard English word. It appears to be a misspelling or a combination of words, possibly meant to express a liking for getting dirty."
notreally,"""Nonetheless"" is a word that means ""nevertheless"" or ""in spite of that."" It is used to show that something happens even though there is a problem or contradiction."
sarcasm,"Sarcasm is the use of bitter or mocking words, often disguised as humor, to express contempt or cause pain. It is typically seen as a negative way to deal with anger or frustration."
rbrnetwork,"The term ""rbrnetwork"" refers to a network involving the RETINOBLASTOMA-RELATED (RBR) protein in plants, specifically in *Arabidopsis thaliana*, and is related to its roles and regulation in biological processes."
billvanglahn,"The provided information does not mention the word ""billvanglahn,"" so it cannot be defined based on the given context."
hondolane,"Hondolane is a term associated with the SASS Wire Saloon, an online forum for members of the Society of American Swordsmen. It refers to a specific thread or section within the forum where discussions take place."
dolphinman,"Dolphinman is a Slasher character who is extremely sensitive to sound and has poor eyesight. When agitated by loud noises, he wails and begins hunting, during which he gains better eyesight. He is based on a real-life prosthetic used in horror creepypasta."
justin,"Justin is a person's name, likely referring to the founder or creator of the brand JUSTIN'S®, known for products like peanut butter and nut butter cups."
springthunder,"**Spring Thunder** is a community and brand associated with custom blaster hardware and accessories, offering products like Shotgun Platforms, Leverguns, Bolt Actions, and Grenade Launchers, along with resources like a Facebook group, Reddit page, and YouTube overviews."
flawlessly,"**Flawlessly** means without any mistakes or errors, especially in writing or speech. It describes something that is done perfectly and professionally."
buffering,"Buffering is a metaphor for avoiding reality or fully experiencing life by numbing oneself with distractions, such as excessive media consumption, to prevent facing difficult truths or emotions."
irony,"Irony is a situation where the opposite of what is expected happens, often in a surprising or humorous way. It can also involve saying the opposite of what is meant."
youtube,"YouTube is a popular online platform where people can watch, upload, and share videos. It also offers YouTube TV, which provides live TV channels and on-demand content."
romanian,"Romanian is a Romance language spoken mainly in Romania and Moldova. It developed from Latin and has its own unique grammar, phonology, and vocabulary. It is also known as Daco-Romanian to distinguish it from other related dialects."
improvised,Improvised means created or done on the spot without prior planning or preparation.
jingle bells,"""Jingle Bells"" is a traditional song often associated with Christmas, known for its catchy melody and lyrics about riding in a sleigh. It is also the name of a festive event featuring music, entertainment, and sometimes beer, held at places like amusement parks and city parks."
minor key,"A minor key is a scale and key based on the natural minor scale, which has a distinctive sound with a lowered third, sixth, and seventh note compared to the major scale. It is often related to a major key with the same key signature, called its relative major."
festive mood,Festive mood is a joyful and cheerful feeling often experienced during celebrations or special occasions.
not,"The word ""not"" is used to negate something, meaning the opposite. It can also be used in phrases and expressions to show disagreement, refusal, or to emphasize something."
nothink,"Nothink è un marchio di scarpe che permette di cambiare facilmente il tacco per adattarsi a diverse occasioni, combinando stile e comfort."
look past,"**Look past** means to ignore or move beyond something, often to focus on what is more important or to overlook negative aspects in order to see the bigger picture."
feeling,A **feeling** is a physical sensation or an emotion you experience. It can also refer to an opinion or a sense about something.
santa just finished at my house,"The given information does not provide a clear definition for the word or phrase ""santa just finished at my house."" It appears to be unrelated to the content provided."
mlm,"MLM stands for Multi-Level Marketing, a business model where companies sell products or services through a network of independent distributors. These distributors earn commissions not only from their own sales but also from the sales of people they recruit into the network. However, MLMs often emphasize the success of top earners and may downplay the high risk of failure or financial loss for most participants."
start,"The word ""start"" in this context means to begin or initiate a location, service, or program, often indicated by the word ""START"" followed by a place or department name."
httptco,"""httptco"" is a shortened form of a URL, often used to link to a webpage or online content. It is not a complete URL on its own and is typically part of a longer web address."
irony,"Irony is a situation where the opposite of what is expected happens, often in a surprising or humorous way. It can also involve saying the opposite of what is meant."
faith in humanity,"Faith in humanity is the belief that people are basically good and capable of kindness, empathy, and compassion towards one another. It is the hope that, despite challenges, there is still much goodness in the world to inspire and uplift us."
lol,"""lol"" is an informal way of saying ""laugh out loud,"" often used in text messages or online to show that someone finds something funny. It can also be used as a verb, and in some cases, it's combined with other words like ""lolwut"" to express confusion or bemused laughter."
rt,"RT is a news media organization that provides breaking news, world news, and entertainment content. It also offers a mobile app for Android users to watch videos and manage their viewing lists."
wizgameent,A wizgameent is not a standard word and does not have a clear definition based on the provided information. It may be a misspelling or a combination of words.
washwizards,"""Washwizards"" is not a standard word. It appears to be a combination of ""Washington Wizards,"" which is the name of a professional basketball team."
target,"Target is a large retail store chain that sells a wide variety of products, including clothing, home goods, and groceries. It also offers discounts to its employees and has a presence on social media and through its website."
there,"The word ""there"" is used to indicate a place, location, or situation. It can also be used to refer back to something previously mentioned, or to express existence, such as ""there is"" or ""there are."" It is often used in phrases and expressions to show where something is, or to emphasize a point."
like love,"""Like Love"" is a platform that helps people find meaningful connections by combining curated matchmaking with in-person events, aiming to create real, joyful romantic experiences."
hot or not,"""Hot or Not"" is a website launched in October 2000 where users can rate each other's attractiveness on a scale, influencing the development of social media platforms."
dafuq,"**Dafuq** is a slang term used to express surprise, confusion, or shock, often in place of ""what the fuck?"" It is commonly used in text messages and online conversations."
sarcasm,"Sarcasm is the use of bitter or mocking words, often disguised as humor, to express contempt or cause pain. It is typically seen as a negative way to deal with anger or frustration."
sale,"A sale is when items are sold at a reduced price, often for a limited time."
not,"The word ""not"" is used to negate something, meaning the opposite. It can also be used in phrases and expressions to show disagreement, refusal, or to emphasize something."
something,"**Something** is a word used to refer to an unspecified or unknown thing, person, or idea. It can also mean a particular thing or a general category of things."
pursue,"Pursue means to follow closely in order to achieve something, like a goal or a dream, without giving up."
what,"The word ""what"" is used to ask for information, express surprise, or show interest. It can also be used in phrases to question, comment, or react to something."
happens,"The word ""happens"" means something occurs or takes place."
while,The `while` statement repeatedly executes a block of code as long as a specified condition is true.
immersed,"Immersed is a company that develops software and hardware for spatial computing, focusing on virtual and augmented reality. Its technology is used by millions of professionals and is supported by major investors and industry leaders."
serving,"Serving refers to the process of deploying and managing applications and functions as serverless containers on Kubernetes, allowing them to scale automatically and respond to requests efficiently."
your,"Your is a determiner and pronoun that shows something belongs to the person or people you are speaking to. It can also mean ""of people generally."" For example: ""Is this your bag?"" or ""Your mother is driving me crazy."""
fake,"Fake refers to something that is not real or genuine, often imitating a real thing in appearance or function. It can also mean something that is not authentic or is made to look like something else."
planted,"Planted refers to a store in Dubuque, Iowa that specializes in selling easy-to-grow houseplants, pots, plant-themed gifts, and related items. They also offer a newsletter and online shopping through Shopify."
peshawarattack,"The **Peshawar attack** refers to a terrorist attack that occurred on December 16, 2014, at the Army Public School in Peshawar, Pakistan. It involved a suicide bombing and mass shooting, resulting in the deaths of 155 people, including students and staff."
sarcasm,"Sarcasm is the use of bitter or mocking words, often disguised as humor, to express contempt or cause pain. It is typically seen as a negative way to deal with anger or frustration."
bbl,"A Brazilian Butt Lift (BBL) is a surgical procedure that enhances the shape and size of the buttocks by transferring fat from one part of the body to the buttocks. It involves fat grafting and is considered a body contouring procedure. While it can be safe when performed with proper techniques, it carries risks such as pulmonary fat embolism."
talltowers,TallTowers are tall structures used to mount anemometers and wind vanes for measuring wind speed and direction. They are specifically designed for use with NRG XHD models and come with tools and accessories for installation and maintenance.
sevenfoot,"""Sevenfoot"" refers to a location in Baltimore, specifically the Seven Foot Knoll Lighthouse, which is part of the Historic Ships in Baltimore attraction. It is a historic site where visitors can learn about maritime history and enjoy various activities and events."
aquabreeze,"AquaBreeze is a brand that makes evaporative coolers and related products, such as parts and accessories for cooling systems."
disgustinghotels,"Disgusting hotels are places that make people feel very upset or sick because they are dirty, unpleasant, or have a strong negative smell."
not all men,"The phrase ""not all men"" is used to argue that not every man is responsible for problems like sexism, misogyny, or violence against women. However, it is often criticized because it downplays the widespread impact of these issues by suggesting that only some men are to blame, rather than acknowledging systemic inequality."
sarcasm,"Sarcasm is the use of bitter or mocking words, often disguised as humor, to express contempt or cause pain. It is typically seen as a negative way to deal with anger or frustration."
sole credit,"Sole credit refers to a specific amount of credit, typically in the form of a wallet or account balance, that can be used for making purchases or transactions, often as part of a promotional offer or loyalty program."
wet look,"A wet look is a shiny, glossy appearance that makes surfaces appear damp or freshly washed, often achieved using sealers on hardscapes."
burned,"Burned means to be harmed by fire or heat, or to be damaged in a way that resembles burning. It can also mean to be affected by something intense, like emotions or experiences."
tongue,"The tongue is a muscular organ in the mouth used for tasting, speaking, and swallowing. It also plays a role in facial and mouth development. The tongue can have different shapes and conditions, such as geographic tongue or black hairy tongue."
lovely,"Lovely means pleasant, attractive, or charming in appearance, sound, or feeling."
sarcasm,"Sarcasm is the use of bitter or mocking words, often disguised as humor, to express contempt or cause pain. It is typically seen as a negative way to deal with anger or frustration."
ouch,"**Ouch** is a tool used for working with icons and images, including decompressing files and editing SVG icons without technical skills. It also has features for creating and managing various types of icons and animations."
ya,"The word ""ya"" is an informal way of saying ""yes"" or expressing agreement. It is often used in casual speech."
mates,"MATES is a competitive, specialized high school in Manahawkin, New Jersey, focused on science, technology, engineering, and math (STEAM). It provides a rigorous, hands-on academic curriculum for students selected from public and private schools in Ocean County."
cringe,"Cringe means to feel embarrassment or discomfort, often because of a situation that seems awkward or embarrassing."
poking,"Poking means to push a pointed object into something, usually to make a small hole or to test for weaknesses."
irony,"Irony is a situation where the opposite of what is expected happens, often in a surprising or humorous way. It can also involve saying the opposite of what is meant."
sony,"Sony is a company that makes PlayStation consoles, games, and related products. They also create and share content for their gaming platforms."
anti state ppl,"""Anti-state"" refers to opposition against the state or government, often advocating for reduced government involvement or the elimination of centralized authority. ""PPL-103"" is a mixed opioid partial agonist with desirable anti-cocaine properties, as mentioned in medical literature."
little man hacker,"A ""little man hacker"" refers to a person who is not a professional hacker but may still engage in hacking activities, often out of curiosity, revenge, or to gain attention."
won,"The word ""won"" refers to a unit of currency used in South Korea. It is also a Korean word meaning ""won"" (as in victory) and is the name of a professor at the University of North Carolina."
anti state,"Anti-state refers to the rejection of the state and its authority, often associated with anarchist and libertarian ideas. It opposes government control over personal, social, and economic life."
hacker,"A hacker is someone who explores and solves problems, often in technology, by understanding how systems work and finding creative ways to use or improve them."
socool,SoCool is a refrigerated smart pet feeder that keeps a cat's food at 40°F or below to ensure fresh and safe meals.
not,"The word ""not"" is used to negate something, meaning the opposite. It can also be used in phrases and expressions to show disagreement, refusal, or to emphasize something."
gtfo,"GTFO is a hardcore cooperative horror shooter game where players work together to survive and complete missions in a terrifying environment. It is available on Steam and Green Man Gaming, and was released on December 9th, 2021."
refs,"**Refs** are a feature in React that allow you to access and manipulate DOM elements or class instance properties directly. They provide more control over when and how elements are referenced, and they can be used in different ways, such as callback refs for fine-grained control."
pissing me off,"""Pissing me off"" means someone is frustrating or annoying me, causing me to feel very irritated or angry. It is an informal way of expressing frustration."
no idea of whats going on,"The phrase ""no idea of what's going on"" means not understanding or being confused about what is happening in a situation, often leading to feelings of helplessness or frustration."
lipmus test,"A litmus test is a simple way to determine someone's true beliefs or approach by observing how they talk about a specific topic, like infrastructure. It helps reveal what they really mean by something such as ""abundance."""
psychic advice,"Psychic advice is guidance or insights provided by a psychic, often through readings, to help individuals understand their situations, make decisions, or gain clarity about their lives."
pdt,"PDT stands for Pacific Daylight Time, which is a time zone observed in the summer months, usually UTC-7, and is used as daylight saving time in places like Los Angeles and Vancouver."
psychic view radio,"Psychic View Radio is a radio show that has been answering questions live since 2003, focusing on psychic and spiritual topics."
blogtalkradio,BlogTalkRadio was a platform that allowed people to create and broadcast live audio podcasts and radio shows over the internet. It shut down in early 2025 after 18 years of operation.
so ill,"""so ill"" is a brand or label known for creating and collaborating on products, particularly in the skateboarding and street culture scenes. They work with various artists and designers to produce items like training tiles and climbing holds."
royal,"Royal relates to a king or queen, or to something connected with royalty, such as a royal family, a royal title, or a royal event. It can also refer to something considered to be of high quality or excellence."
accommodation,"Accommodation refers to making adjustments or providing support to meet someone's needs, such as in the workplace or living situation."
whatmoredoesoneneed,"The word ""whatmoredoesoneneed"" appears to be a scrambled or incorrect version of the phrase ""What more does one need?"" which is a rhetorical question asking if someone already has everything they need."
not,"The word ""not"" is used to negate something, meaning the opposite. It can also be used in phrases and expressions to show disagreement, refusal, or to emphasize something."
irony,"Irony is a situation where the opposite of what is expected happens, often in a surprising or humorous way. It can also involve saying the opposite of what is meant."
marrakech,"Marrakech is a city in Morocco known for its rich culture, historical sites, and various sports and cultural events, including football clubs, racing circuits, and festivals."
jeremy,"Jeremy is a person's first name, and in this context, it refers to Jeremy Camp, a Christian musician known for his music, tours, and achievements in the music industry."
irons,"Irons are golf clubs used for hitting the ball from the fairway or rough, typically with a medium to long distance, and they have a higher loft than woods but lower than wedges."
alan,"Alan is a given name, commonly used as a male first name. It is of Germanic origin, meaning ""happy"" or ""noble."" The name is also associated with Alan Turing, a famous British mathematician, logician, and computer scientist."
rickman,"Rickman is a surname, most notably associated with the British actor Alan Rickman, known for his roles in films like ""Robin Hood"" and ""Harry Potter."""
everythingisfine,"""Everything Is Fine"" is a podcast where hosts Kim and Jenn discuss weekly style and beauty recommendations, share personal stories, and engage with their audience through Patreon, Substack, and email."
not,"The word ""not"" is used to negate something, meaning the opposite. It can also be used in phrases and expressions to show disagreement, refusal, or to emphasize something."
sonot,"Sonot Kkaazoot appears to be an event or activity, possibly related to racing or outdoor sports, with information and updates provided yearly from 1992 onwards. It may involve trails, grooming, and racing over different distances."
pirating,"Pirating refers to playing a game online without permission, often to disrupt or harm other players, such as by stealing items or attacking them."
surrealist,"Surrealist is a term used to describe art, literature, and other creative works that aim to express the unconscious mind, often through unexpected and dream-like imagery, and challenge traditional logic and reality."
estate agency,"An estate agency is a business that helps people buy, sell, or rent homes and other properties. They offer services like property listings, guidance, and support while following fair housing laws."
fucking,"The word ""fucking"" is an informal and strong way of expressing emphasis, surprise, or frustration. It is often used as an intensifier, similar to ""damn"" or ""hell,"" but it carries a more intense and sometimes vulgar tone."
gave up,"""Gave up"" is the past tense of ""give up,"" meaning to stop trying or to surrender."
nothappy,"The word ""nothappy"" means not feeling happy or in a state of unhappiness."
ahahahaha,"Ahahahaha is a sound people make when they are laughing, often in a loud or exaggerated way. It is used to show humor or amusement."
sarcasm,"Sarcasm is the use of bitter or mocking words, often disguised as humor, to express contempt or cause pain. It is typically seen as a negative way to deal with anger or frustration."
bm,"BM stands for ""Bendix Manufacturing,"" which is a company known for producing connectors and other industrial components."
chu,"Chu was an ancient Chinese state that played a significant role in Chinese history, particularly during the Warring States period. It was known for its distinct culture, including music and rituals, and was often in conflict with other states like Jin. Chu eventually became a major power and was involved in key battles and alliances."
herd of sheep,"A herd of sheep is a group of sheep that are kept together, usually for farming or raising purposes."
blackfriday,"Black Friday is a shopping event that happens on the day after Thanksgiving, known for offering big discounts and deals on various products."
irony,"Irony is a situation where the opposite of what is expected happens, often in a surprising or humorous way. It can also involve saying the opposite of what is meant."
capitalism,"Capitalism is an economic system in which private individuals or businesses own and control the means of production and operate for profit, often with minimal government intervention."
signature,"A **signature** is a written or digital mark used to sign documents, showing agreement or approval. It can be created by typing, drawing, or scanning, and is often personalized for use in electronic formats."
guardiansofpeace,"""Guardians of Peace"" is the name of a group that was involved in cybercrime activities, including hacking and leaking sensitive information."
peace,"Peace is a state of harmony, calm, and the absence of conflict. It refers to a condition where people live together without violence or tension."
irony,"Irony is a situation where the opposite of what is expected happens, often in a surprising or humorous way. It can also involve saying the opposite of what is meant."
not,"The word ""not"" is used to negate something, meaning the opposite. It can also be used in phrases and expressions to show disagreement, refusal, or to emphasize something."
notworthit,"The word ""notworthit"" means something is not worth the effort or time spent on it."
customerservice,"Customer service is support provided by a company to help customers with their questions or problems, often through phone, email, or online chat."
gorisan,"The word ""Gorisan"" is a surname, and it may have specific meaning or origin related to family history or cultural background. It is not a common English word and is likely of non-English origin."
djgori,DJ GORI is a music artist known for playing a mix of styles at parties. They also have an official website and share music on platforms like SoundCloud.
not for sale,"""Not for sale"" is a phrase that means something is not available for purchase and is often used to indicate that an item or idea is not owned or controlled by a person or organization, but is instead dedicated to a cause or public good."
hibernot,"Hibernot is a winter celebration by Land Rover, offering events, BBQ ideas, and special offers to customers."
not,"The word ""not"" is used to negate something, meaning the opposite. It can also be used in phrases and expressions to show disagreement, refusal, or to emphasize something."
exeter,"Exeter is a town in New Hampshire, USA, known for Phillips Exeter Academy, a prestigious preparatory school founded in 1781."
steveaustinbsr,"The provided information does not mention or define the term ""steveaustinbsr."" Therefore, no definition can be provided based on the given text."
oregonducks,Oregon Ducks is the name of the athletic teams representing the University of Oregon.
oregonvsfloridastate,"The word ""oregonvsfloridastate"" refers to a college football game between the Oregon Ducks and the Florida State Seminoles."
rosebowl,"Rosebowl is a flower shop located in Stonehaven, known for providing fresh and high-quality flowers."
singles depth,"Singles depth refers to having strong players in multiple singles positions, allowing a team to win several singles matches and gain an overall victory."
account for doubles,"The word ""account for doubles"" refers to a situation where an account balance is showing twice the actual amount, causing confusion and inaccuracies in financial records."
nothink,"Nothink è un marchio di scarpe che permette di cambiare facilmente il tacco per adattarsi a diverse occasioni, combinando stile e comfort."
sarcasm,"Sarcasm is the use of bitter or mocking words, often disguised as humor, to express contempt or cause pain. It is typically seen as a negative way to deal with anger or frustration."
not,"The word ""not"" is used to negate something, meaning the opposite. It can also be used in phrases and expressions to show disagreement, refusal, or to emphasize something."
god,"God is a supreme being who is infinite, eternal, and the creator and sustainer of the universe."
seen u,"""Seen"" is a past tense verb meaning that someone has looked at or noticed something."
check out my channel,"""Check out my channel"" means to ask someone to visit and watch videos on your YouTube channel, usually in a friendly and indirect way."
help me with a shoutout for subscribers,Help me with a shoutout for subscribers means ask others to publicly mention or promote your channel or content to increase visibility and support from your audience.
urban glam,"Urban Glam is a style that combines urban elements with glamorous fashion, often featuring metallic colors like gold and silver. It is a popular jewelry set that includes items like bangles and chains."
high heel earrings,"High heel earrings are earrings that are designed to be displayed or stored on a high heel-shaped stand or organizer, often used for jewelry display and organization."
leave email for invoice,"The word ""leave email for invoice"" means to provide an email address so that an invoice can be sent to that address."
lied,"A **lied** is a type of German art song, typically for solo voice with piano accompaniment, often based on poetry and expressing deep emotion. It is a musical genre."
to,"The word ""to"" is used to indicate direction, purpose, or relationship. It can show where something is going, what something is used for, or how one thing relates to another."
that language,"The word ""that language"" refers to a specific language, often used to point out or identify a particular language being discussed, such as Thai or Northern Thai."
one,"The word ""one"" refers to a single item or unit, and it is also used as a prefix to denote a single entity or service, such as in ""Google One"" or ""ONE LEAF+""."
lol,"""lol"" is an informal way of saying ""laugh out loud,"" often used in text messages or online to show that someone finds something funny. It can also be used as a verb, and in some cases, it's combined with other words like ""lolwut"" to express confusion or bemused laughter."
territory,"A territory is a region that is under the control of a government but is not necessarily an independent country. It can be part of a larger nation, have limited self-governance, or be under special administrative arrangements."
what are you doin,"""What are you doin"" is an informal way of asking ""What are you doing?"" It is a casual, slang expression used to inquire about someone's current activity."
no  please dont shoot at me i,"The phrase ""no please don't shoot at me"" is used to express fear or anxiety, often in a humorous or exaggerated way, when someone is in a difficult or dangerous situation."
docs,"**Docs** refers to a type of digital document created and edited using Google Docs, which is part of Google Workspace. It allows users to write, edit, and collaborate on text-based content like essays, poems, and notes."
kikki k,"kikki.K is a brand that offers a variety of products such as calendars, diaries, stationery, bags, and gifts. They also provide personalization options, like monogramming, to create unique items for different occasions."
frankie mag,"**Frankie Mag** is a magazine that offers sewing patterns, fashion, art, design, travel, and lifestyle inspiration, along with free postage and a free e-mag for newsletter subscribers."
cryosat,"CryoSat is a satellite designed to measure ice thickness and monitor changes in polar ice, using a radar instrument called SIRAL. It helps scientists study the Earth's ice sheets and sea ice."
jason,"Jason is a fictional character known for his role as a supernatural killer in a series of horror films. He is typically portrayed as an unstoppable force, often returning from the dead to continue his violent rampage."
north atlantic low,"The North Atlantic Low refers to the Icelandic Low, a permanent low-pressure system over Iceland that influences weather patterns in the North Atlantic."
phenomenal,"Phenomenal means outstanding or extraordinary, often used to describe something that is remarkable or impressive."
hyper,"Hyper is a terminal emulator and command-line interface that allows users to customize keymaps, configure settings, and use plugins to enhance its functionality across different operating systems like Windows, macOS, and Linux."
ohwhale,"Ohwhale is a small business that sells cute, kawaii merchandise inspired by Asian culture, K-pop, and ocean creatures. It is owned by Kai, a Japanese-American artist, and based in Hawaii and Los Angeles."
irony,"Irony is a situation where the opposite of what is expected happens, often in a surprising or humorous way. It can also involve saying the opposite of what is meant."
southern triangle ipa,"The word ""southern triangle IPA"" refers to a type of beer that is part of a beer menu offered at Triangle Char & Bar, likely characterized as an India Pale Ale (IPA) with a specific regional or thematic association to the Southern Triangle, possibly a local or regional area."
roughdraftbrew,Roughdraftbrew is the email address associated with Jeff Silver at Rough Draft Brewing Company.
yardhouse,"Yard House is a restaurant chain known for its casual dining experience, offering a variety of menu items, including burgers, and providing job opportunities in both hourly and management positions."
irony,"Irony is a situation where the opposite of what is expected happens, often in a surprising or humorous way. It can also involve saying the opposite of what is meant."
birthcontrol,"Birth control is a method used to prevent pregnancy. It includes various options like pills, condoms, and other devices or medications."
lol,"""lol"" is an informal way of saying ""laugh out loud,"" often used in text messages or online to show that someone finds something funny. It can also be used as a verb, and in some cases, it's combined with other words like ""lolwut"" to express confusion or bemused laughter."
wtf,"The word ""WTF"" stands for ""What the fuck,"" and it is commonly used as an expression of surprise, confusion, or frustration."
sarcasm,"Sarcasm is the use of bitter or mocking words, often disguised as humor, to express contempt or cause pain. It is typically seen as a negative way to deal with anger or frustration."
planb,Plan B is a morning-after pill used to prevent pregnancy after unprotected sex or contraceptive failure. It is available by prescription and helps reduce the risk of pregnancy when taken as directed.
tylerfarr,"Tyler Farr is a country music artist known for his music videos, including official videos for songs like ""Rednecks Like Me"" and ""Only Truck in Town,"" as well as lyric videos and visualizers. He also shares his biography and tour information through his official channels."
amaliearena,"The word ""amaliearena"" does not appear in the provided information, so it cannot be defined based on the given context."
countrymusic,"Country music is a type of music that often tells stories about everyday life, love, and hardship, and is typically played with instruments like guitars and fiddles. It originated in the United States and is popular in many countries around the world."
throwdown,"Throwdown refers to a product brand known for making equipment used in MMA, boxing, and fitness, such as hand weights and mounting clips. It also refers to a type of workout involving shadow boxing with their products."
irony,"Irony is a situation where the opposite of what is expected happens, often in a surprising or humorous way. It can also involve saying the opposite of what is meant."
explore,"Explore means to travel to new places to experience and learn about different cultures, landscapes, and activities."
white,"White is a color that represents the absence of color, often described as the lightest and most neutral shade. It can also refer to something that appears light in color, or to a surface that reflects all colors of light equally."
house,"A house, in this context, refers to the United States House of Representatives, which is one of the two chambers of the U.S. Congress. It is where laws are made, and it includes various officials and committees that handle legislative and administrative duties."
bid,"A **bid** is an attempt to win something, such as a job or election, or an offer to buy or sell something, especially in games or business. It can also mean to ask earnestly or make an effort to achieve something."
dick,"The word ""dick"" can refer to a male human genital organ, or it can be a slang term for a man, often used in a crude or informal manner. It is also the name of a brand, Dick Taylor Craft Chocolate, and a place, Dick's Drive-In."
pic,"The word ""pic"" is short for ""picture"" and refers to an image or photograph."
spawn,Spawn is a comic book character created by Todd McFarlane. He is known for his supernatural abilities and has appeared in various comic series and toys.
sarcasm,"Sarcasm is the use of bitter or mocking words, often disguised as humor, to express contempt or cause pain. It is typically seen as a negative way to deal with anger or frustration."
fts,"FTS stands for Front Suspension System, which is a part of a vehicle's suspension that helps support and control the front wheels."
market,"A market is a place or system where people buy and sell goods, services, or financial instruments like stocks. It can also refer to a specific area of activity, such as the stock market or a fashion market."
bugger,"A **bugger** is a type of fly used in fly fishing, typically made with a body of wool or other materials and hackle feathers. It is often used to imitate baitfish or shrimp and has many variations in color and design."
buckeyes,"Buckeyes are sweet peanut butter balls dipped in chocolate, typically made with pantry staples and enjoyed as a decadent treat, often stored in the refrigerator or freezer."
playoff,A playoff is a series of competitive games used to determine the winner of a sports league or tournament.
sarcasm,"Sarcasm is the use of bitter or mocking words, often disguised as humor, to express contempt or cause pain. It is typically seen as a negative way to deal with anger or frustration."
scholarship,"A scholarship is a financial award given to students to help them pay for college or higher education, often based on academic merit, need, or specific criteria."
crashing,"Crashing is a British television series that is a comedy show, originally broadcast by Channel 4. It features a group of friends navigating life in London and is also available to stream on Netflix."
ie,"The word ""ie"" is an abbreviation for ""that is,"" used to clarify or explain something."
dicks,"Dicks can refer to a person's name, such as John L. Dicks, a lawyer, or it can be a brand name, like DICK'S Sporting Goods, which operates a sports retail store and stadium."
asshole,"An asshole is an insult used to describe a person who is considered stupid, unpleasant, or detestable. It can also refer to the anus, but is most commonly used as a derogatory term."
petweetcher,"The word ""petweetcher"" appears to be the name of a website or a personal project, likely related to education or learning materials, given the context of PE and Life Skills content. It is not a standard English word with a conventional definition."
pearlburg,"Pearlburg is a surname, and it appears to be associated with several individuals, including Kathleen Pearlburg, Susan Pearlburg, and Stanley Pearlburg. These individuals are connected to dance teaching, academia, and possibly acting or performance, based on the provided information."
mom,"The word ""Mom"" refers to a television series created by Chuck Lorre, which follows the lives of a single mother and her teenage daughter."
jesus,"Jesus is a central figure in Christianity, believed to be the son of God and the Messiah. He is considered the founder of Christianity and is known for his teachings, miracles, and resurrection."
gun nut,"A **gun nut** is someone who is deeply passionate about guns, often to the point of being seen as obsessive or extreme by others. The term is used humorously or defiantly to dismiss criticism, as the person claims to be so knowledgeable or dedicated that others cannot reasonably criticize them."
down faced dog,"Down faced dog is a yoga pose where the head is down, touching the floor, and the body is stretched forward with the weight on the palms and feet. The pose is also known as Adho Muka Svanasana."
merrychristmas,"The word ""merrychristmas"" is a combination of ""merry"" and ""Christmas,"" used to wish someone a happy and joyful Christmas. It is commonly used as a greeting during the holiday season."
like,"The word **like** is used to compare or show similarity between two things. It can also be used to express agreement, preference, or to introduce examples. For example: ""He runs like the wind"" or ""I like pizza."""
effectively rob the royal family,"The word ""effectively rob the royal family"" means to take away or deprive the royal family of their rights, privileges, or resources in a clear and successful way."
k meal,"A **k meal** is a Korean meal, typically prepared by a chef and delivered as part of a meal delivery service."
irony,"Irony is a situation where the opposite of what is expected happens, often in a surprising or humorous way. It can also involve saying the opposite of what is meant."
migraine,"Migraine is a type of headache that can be accompanied by aura (visual or sensory disturbances) or not. It can occur in different forms, such as common migraine (without aura) or classic migraine (with aura). Some types may also involve other symptoms, and it can sometimes become chronic, occurring frequently over time."
not,"The word ""not"" is used to negate something, meaning the opposite. It can also be used in phrases and expressions to show disagreement, refusal, or to emphasize something."
needmeds,"""NeedMeds"" is the title of a song by Lil Yachty, RD, and Lil Boat, released in 2025. It is part of a playlist on SoundCloud and has received comments from listeners discussing its impact and style."
not,"The word ""not"" is used to negate something, meaning the opposite. It can also be used in phrases and expressions to show disagreement, refusal, or to emphasize something."
pleased,Pleased means happy or satisfied because something has happened or been done.
littletike,"Little Tikes is a brand that makes toys and play equipment for children, known for products like ride-ons, climbers, and playhouses."
felicitats,"**Felicitats** is a Catalan word meaning ""congratulations."" It can also be a plural form of the noun ""felicitat"" or used as a participle."
penedesfera,"La Penedesfera és una comunitat que organitza jornades i activitats per promocionar el món mariner i pescador tradicional, especialment a Calafell, i també participa en projectes relacionats amb l'emprenedoria i el turisme a la regió del Penedès."
notcies,"The word ""notcies"" is likely a misspelling of ""notices."" It refers to official announcements or public information about events, such as funeral notices, obituaries, or legal notices."
rudderless,"""Rudderless"" is a 2014 film directed by William H. Macy. It is a comedy-drama about a group of friends who try to navigate life's challenges. The film also features a soundtrack with songs by various artists."
wc,"WC is an abbreviation for ""Water Closet,"" which refers to a flush toilet. It is also used as an informal term for a bathroom."
sarcasm,"Sarcasm is the use of bitter or mocking words, often disguised as humor, to express contempt or cause pain. It is typically seen as a negative way to deal with anger or frustration."
neccesary,"The word ""neccesary"" is a misspelling. The correct spelling is ""necessary,"" which means essential or required."
version,"A **version** is a specific form or state of a file or software, usually identified by a number or letter, such as 1, 1.0, or 2.10.2. It represents a change or update from a previous version."
ourselves,"Ourself refers to the person we are as an individual, and ""ourselves"" is the plural form, meaning ""we ourselves."" It is used to talk about the people who are reading or experiencing something, often emphasizing personal responsibility and action."
nfc,"NFC stands for National Football Conference, which is a division in American football, part of the National Football League (NFL). It includes teams in the East, West, North, and South."
fb,"FB stands for ProShares S&P 500 Dynamic Daily Buffer ETF, an ETF that aims to provide a daily buffer return based on the S&P 500 index."
nigga,"**nigga** is an African-American colloquial term that was originally a slang term, but it is now considered offensive and is often used as a racial slur."
knocced,"The word ""knocced"" is not defined in the provided information."
henny,"Henny Penny is a company that specializes in kitchen equipment, such as pressure fryers and combi ovens, and is known for its employee-owned structure and support services."
tis,"TIS stands for TIS Insurance Services, a company that provides insurance-related services such as account management, claims advocacy, and loss prevention. It also offers products like motor sports wheels and truck tires."
tablets,"Tablets are flat, portable devices that you can touch with your fingers to use apps, browse the internet, and watch videos. They are usually larger than smartphones and are used for various tasks like reading, writing, and entertainment."
tabletsforall,"The word ""tabletsforall"" does not have a clear definition based on the provided information. It appears to be a combination of words or a placeholder, and no specific meaning is given."
gift pack,"A gift pack is a collection of items designed to be given as a gift, often offered in different themed or themed bundles for easy gifting."
notcies,"The word ""notcies"" is likely a misspelling of ""notices."" It refers to official announcements or public information about events, such as funeral notices, obituaries, or legal notices."
eu,"The EU is a political and economic union of European countries that works together to create laws, manage shared resources, and promote cooperation among its members. It allows free movement of people, goods, and services, and supports research, innovation, and citizen engagement."
junckers,"Junckers is a company that specializes in manufacturing high-quality solid wood flooring for use in sports, residential, and commercial settings. They also offer products like floor lacquers and printed sports floors, and they focus on sustainability and eco-friendly practices."
coh,"The word ""coh"" is not clearly defined in the provided information. It does not appear to be related to the content about being blocked by Cloudflare."
rudebuttrue,"Rudebuttrue is a term used to describe someone who is honest and direct, often speaking their mind without filter, even if their words come off as harsh or disrespectful. It refers to a person who tells the truth, even if it's not polite."
sarcasm,"Sarcasm is the use of bitter or mocking words, often disguised as humor, to express contempt or cause pain. It is typically seen as a negative way to deal with anger or frustration."
status,"Status refers to the position or rank someone holds in society, or the condition or situation of something. In the given context, it also refers to a brand or platform that provides products and information."
tab,"Tab is a brand of sugar-free soda produced by Coca-Cola, known for various flavors like Strawberry, Lemon-Lime, Black-Cherry, Root Beer, and Ginger Ale. It was popular in the 1970s and is still available in select locations."
like,"The word **like** is used to compare or show similarity between two things. It can also be used to express agreement, preference, or to introduce examples. For example: ""He runs like the wind"" or ""I like pizza."""
bestiestest,"The word ""bestiestest"" is not a standard English word and does not have a clear definition based on the provided information. It appears to be a combination of ""bestie"" (a term for a best friend) and ""test,"" possibly used in a playful or humorous context."
tearyeyed,"The word ""teary-eyed"" means having tears in the eyes, usually because of sadness, emotion, or being moved."
the,"The word ""the"" is an article used to point out something specific or previously mentioned. It is used before a noun to indicate that the noun is known or has been mentioned earlier. For example: ""The book is on the table."""
king,"King is a title given to a male monarch, a ruler of a kingdom. In the context of the provided information, ""King"" refers to King University, an educational institution."
is,The word **is** in this context refers to a CSS pseudo-class used to match elements that are selected by one of the listed selectors. It allows for grouping multiple selectors together to apply styles to elements that match any of them.
coming,"The word ""coming"" means something that is about to happen or is approaching. It can also refer to the action of arriving or moving toward a place."
johnny,"Johnny is a nickname for John, often used as a friendly or informal way to refer to someone named John. It can also be a proper noun, such as the name of a restaurant or a person."
football,"Football is a team sport played with an oval-shaped ball, typically involving two teams of eleven players who aim to score points by advancing the ball into the opponent's end zone. It is played in various forms worldwide, including American football, rugby, soccer, and others."
time,"Time is a continuous flow in which events occur in a sequence, and it is used to measure the duration between past, present, and future."
fun,"Fun is something that brings pleasure, enjoyment, or amusement. It can describe a situation that is pleasant and enjoyable or a person who is lively and entertaining."
time,"Time is a continuous flow in which events occur in a sequence, and it is used to measure the duration between past, present, and future."
on the dot,"""on the dot"" refers to something that is exactly correct, timely, or precise, often used to describe someone who is punctual or accurate."
the buzzer rings,"The buzzer rings refers to the sound made by a device, such as a Ring Alarm, to alert someone that something is wrong or that an emergency has occurred."
helloworld,"HelloWorld is a platform that helps teachers incorporate computational thinking into their classrooms, offering resources and support to enhance learning through technology. It is part of Merkle and focuses on creating digital experiences that build brand loyalty."
not,"The word ""not"" is used to negate something, meaning the opposite. It can also be used in phrases and expressions to show disagreement, refusal, or to emphasize something."
nothanks,"""No Thanks"" is an app that helps users scan barcodes to make shopping easier. It allows users to quickly scan products and search by serial numbers."
game,"A **game** is a type of activity or entertainment that people play, often involving rules, challenges, and interaction. It can be played alone or with others, and there are many different kinds, such as driving games, shooting games, and puzzle games."
go you,"The phrase ""go you"" is not a standard English expression. It might be a mishearing or a variation of ""go on"" or ""go ahead."" In some contexts, it could be used informally to encourage someone to proceed or to express surprise, but it is not commonly used in standard English."
not home,"The phrase ""not home"" refers to the idea of giving birth in a hospital or medical facility instead of at home."
whip,"A **whip** is a term with multiple meanings. In baseball, it refers to a statistic measuring a pitcher's walks and hits per inning. In technology, it stands for WebRTC-HTTP Ingestion Protocol, used for streaming media."
up,"The word ""up"" refers to the direction opposite to ""down,"" or it can mean increasing in amount, level, or degree. It is also used to describe something moving or going in that direction, such as a balloon flying up."
nothink,"Nothink è un marchio di scarpe che permette di cambiare facilmente il tacco per adattarsi a diverse occasioni, combinando stile e comfort."
aka,"A.K.A. stands for ""Also Known As,"" and it is used to indicate an alternative name for a person, place, or thing."
the back of my eye lids,"The back of your eyelids refers to the inner surface of the eyelids, which is the part you cannot see directly. It is covered with a thin layer of skin and contains small blood vessels."
senioritisisreal,"**senioritisisreal** is a username or account name used on Wikimedia Commons, likely associated with a user who uploaded images, such as ""Red Pulp and White Pulp of the Spleen.jpg."" The user is also involved in creating content and contributing to the platform."
losers,A **loser** is someone who is not successful or who loses in a competition or situation. It can also refer to someone who is considered to be unlucky or not good at achieving goals.
duh,"""duh"" is a casual way of expressing agreement or acknowledgment, often used in a humorous or dismissive manner."
redundantredundant,"**Redundantredundant** is a website that plays with the idea of repetition, named twice for humor, and is an example of the ""cut-up technique,"" where text is cut and rearranged to create new, often surprising meanings."
shiid,"Shiid is a slang term used as a substitute for ""um"" or ""umm,"" often used when someone is thinking or hesitating while speaking. It is similar to the word ""shit"" but is used more for emphasis or to express hesitation."
hoar frost,"Hoar frost is a type of frost that forms as tiny ice crystals on surfaces, often looking like a white, hairy coating. It can appear on objects like trees, wires, or snow, and has a hair-like or fern-like appearance."
vile,"Vile means extremely unpleasant or hateful, often used to describe something that is morally bad or repulsive."
gamergate,"Gamergate was a controversial online movement that began in 2014, primarily focused on issues in the video game industry, such as ethics in journalism and the treatment of women. It later evolved into a broader conspiracy movement with far-reaching and complex impacts on internet culture and politics."
sarcasm,"Sarcasm is the use of bitter or mocking words, often disguised as humor, to express contempt or cause pain. It is typically seen as a negative way to deal with anger or frustration."
ebola campaign,"An Ebola campaign is a public health effort to vaccinate people against the Ebola virus, such as the UMURINZI campaign in Rwanda, which provided a two-dose vaccine to those at risk, excluding pregnant women."
peace on earth,"Peace on earth refers to a state of harmony, safety, and freedom from conflict that exists throughout the world, as described in religious teachings, particularly in the context of Jehovah’s Witnesses. It is seen as a future reality brought about by God's kingdom."
lord,"A lord is a person who holds a high rank or position, often in a noble family or as a title of respect, and may also refer to someone who has authority or control over a particular area or domain."
thy kingdom come,"""Thy kingdom come"" is a prayer asking for God's kingdom to be established on earth, just as it is in heaven, and expressing hope for the return of Jesus Christ and His rule."
thy will be done,"""Thy will be done"" is a phrase that means to accept and follow whatever decision or plan someone else, especially a higher power, has made. It is often used in religious contexts to express submission to God's plan."
advent,"Advent is a Christian season of preparation for Christmas, marked by traditions like lighting an Advent wreath, using an Advent calendar, and praying daily devotions. It begins on the fourth Sunday before Christmas and focuses on hope, faith, love, and peace."
terror,"Terror is a feeling of intense fear or overwhelming anxiety, often caused by a real or imagined danger. It can also refer to violent actions or the threat of violence used to intimidate or control others."
irony,"Irony is a situation where the opposite of what is expected happens, often in a surprising or humorous way. It can also involve saying the opposite of what is meant."
rbrnetwork,"The term ""rbrnetwork"" refers to a network involving the RETINOBLASTOMA-RELATED (RBR) protein in plants, specifically in *Arabidopsis thaliana*, and is related to its roles and regulation in biological processes."
joehilgerman,"The provided information does not mention ""joehilgerman,"" so no definition can be given based on the text."
ananvii,"AnanVII is a Twitter handle or username, likely belonging to a person known as ""Cheech,"" who is mentioned in a tweet about marijuana decriminalization. The username appears to be a playful or coded way of referring to someone, possibly in a fan or online community context."
freeman,"Freeman's | Hindman is an auction house that specializes in selling art and collectibles, offering live and online auctions, as well as publications like their Fall 2025 Magazine."
pro at presentations,"Pro at presentations means being highly skilled and effective at creating and delivering presentations, using tools like ProPresenter to organize content, add visuals, and engage an audience."
not,"The word ""not"" is used to negate something, meaning the opposite. It can also be used in phrases and expressions to show disagreement, refusal, or to emphasize something."
choke,"Choke is a term that can mean to restrict the flow of something, like air or water, often causing difficulty in breathing or movement. It can also refer to a narrow point in a passage or a sudden stoppage."
fthunter,"Fthunter is a website related to Fort Hunter Liggett, providing information about hunting, fishing, permits, and wildlife management at the military base."
amdogfun,"Amdogfun is a playful and fun way to describe something that is both amusing and enjoyable, often used to express that something is entertaining and makes you happy."
notallpeaceful,"The word ""notallpeaceful"" means that not every protester was peaceful."
notcies,"The word ""notcies"" is likely a misspelling of ""notices."" It refers to official announcements or public information about events, such as funeral notices, obituaries, or legal notices."
sec,"The SEC is a U.S. government agency responsible for regulating the stock market and protecting investors. It ensures fair and orderly markets by enforcing securities laws and overseeing the work of stock exchanges, brokers, and other market participants."
pause,"A pause is a temporary stop or halt, often used to take a break, reflect, or implement new measures, as seen in the context of the ""New York State on PAUSE"" executive order."
not,"The word ""not"" is used to negate something, meaning the opposite. It can also be used in phrases and expressions to show disagreement, refusal, or to emphasize something."
half sister,"A half sister is a sister who shares one parent with another person, but not both parents."
sarcasm,"Sarcasm is the use of bitter or mocking words, often disguised as humor, to express contempt or cause pain. It is typically seen as a negative way to deal with anger or frustration."
thanksdad,"ThanksDad is a website where you can shop for charms and necklaces, and you can contact them for questions or support."
frre,"""Free Fire"" es un juego de disparos en el que los jugadores compiten en partidas donde el objetivo es sobrevivir y ser el último jugador en pie."
not,"The word ""not"" is used to negate something, meaning the opposite. It can also be used in phrases and expressions to show disagreement, refusal, or to emphasize something."
family,"A family is a group of people related by blood, marriage, or choice, who live together and share emotional bonds and responsibilities."
lovehim,"The provided information does not offer a clear definition for the word ""lovehim."" It appears to be unrelated error messages from a website."
calfreedommom,"The word ""calfreedommom"" does not have a clear or standard definition based on the provided information. It appears to be a combination of words or a name, but no meaningful definition is given."
rbrnetwork,"The term ""rbrnetwork"" refers to a network involving the RETINOBLASTOMA-RELATED (RBR) protein in plants, specifically in *Arabidopsis thaliana*, and is related to its roles and regulation in biological processes."
msnbc,"MSNBC is a news network that provides political, legal, and current events coverage through TV shows, articles, and online content. It is known for shows like *Rachel Maddow* and *Morning Joe*."
cnn,"CNN is a news network that provides news, investigations, profiles, and business updates. It also offers TV schedules, online content, and various shows."
dk,"DK stands for Dorling Kindersley, a company that creates educational and informative books, including atlases, dictionaries, and guides for various topics like food, bikes, and games."
not,"The word ""not"" is used to negate something, meaning the opposite. It can also be used in phrases and expressions to show disagreement, refusal, or to emphasize something."
nothink,"Nothink è un marchio di scarpe che permette di cambiare facilmente il tacco per adattarsi a diverse occasioni, combinando stile e comfort."
sarcasm,"Sarcasm is the use of bitter or mocking words, often disguised as humor, to express contempt or cause pain. It is typically seen as a negative way to deal with anger or frustration."
illinois,"Illinois is a state in the United States known for its scenic landscapes, cultural attractions, and diverse experiences, including things to do like visiting the Shedd Aquarium, exploring Route 66, and enjoying outdoor activities. It also offers travel inspiration, road trip itineraries, and seasonal adventures for visitors and residents alike."
bill,"A **bill** is a proposal or plan for a law, or a document that lists the amount of money owed for goods or services. In the context of the information provided, ""GI Bill"" refers to a U.S. government program that provides education and training benefits to veterans and their families."
record,"A **record** is a document or piece of information that shows the best or most accurate result, or it can refer to a written account of events. It can also mean a musical recording or a performance that sets a new standard."
police,"Police are law enforcement officers responsible for maintaining public order, safety, and security. They work in various roles, including patrol, investigation, and community service, and are part of both local and national police forces."
ru,"The suffix "".ru"" is used in Russian domain names to indicate a website related to a specific region or city in Russia. It helps identify the location or administrative area associated with the website."
propaganda,"Propaganda is the spread of information—true or false—intended to influence people's opinions or actions, often in a biased or misleading way."
crazyivan,"Crazy Ivan is a brand that specializes in custom parts and accessories for firearms, such as triggers, chassis, and mounts, often used to enhance the performance and appearance of rifles like the Ruger MKIV and 19/22."
not,"The word ""not"" is used to negate something, meaning the opposite. It can also be used in phrases and expressions to show disagreement, refusal, or to emphasize something."
itsdead,"""itsdead"" is a username or handle, likely used on social media or video platforms, associated with content creation and video uploads."
erincondren,"Erin Condren is a brand that offers custom planners, notebooks, journals, and stationery. They provide discounts and promotions, such as 15% off when purchasing 4+ accessories, and allow customers to sign up via text for updates and deals."
myfairdaily,"The word ""myfairdaily"" does not have a standard definition based on the provided information. It appears to be a specific term or brand name, possibly related to a website or service, but no clear meaning is given in the sentences provided."
kalliee,"Kalliee is a member of the Durmand Priory in Guild Wars 2, who appears in the player's home instance after joining the Priory in the personal story."
bbloggers,"**bbloggers** are people who write about beauty and skincare topics on blogs. They share tips, product reviews, and personal experiences related to beauty and self-care."
lbloggers,"The word ""lbloggers"" is not a standard term. It may be a misspelling or a combination of ""lblog"" and ""bloggers,"" but without additional context, it does not have a clear definition."
systematic,"Systematic means organized in a methodical and orderly way, following a clear plan or system."
entrenched,"Entrenched is a multiplayer first-person shooter game inspired by World War I, focusing on competitive play in various warzones."
binary construction,"Binary construction refers to the process of building or creating something using binary data, which consists of only two values: 0 and 1. It is commonly used in computing and digital systems."
naw,"NAW stands for National Apprenticeship Week, which is a nationwide celebration promoting apprenticeships in the United States. It is organized by the U.S. Department of Labor and takes place in the spring each year."
man flu,"**Man flu** is a term used to describe when men exaggerate the severity of their illness, often acting more dramatically than necessary. It is not a real medical condition but a way to humorously refer to overly dramatic reactions to minor illnesses."
cop,"COP is the stock ticker symbol for ConocoPhillips, an energy company involved in oil and gas exploration and production."
misconduct,"Misconduct refers to improper or unethical behavior, especially in a workplace, that violates rules or standards of conduct. It can include actions like wilful negligence or behavior that causes adverse publicity."
sarcasm,"Sarcasm is the use of bitter or mocking words, often disguised as humor, to express contempt or cause pain. It is typically seen as a negative way to deal with anger or frustration."
zuma,"Zuma is a beach located in the United Arab Emirates and also an upcoming destination in Qatar. It is known for surfing, windsurfing, and watching grey whales during their winter migration."
yclnationalcongress,"The YCL National Congress is a meeting of leaders and members of the Young Communist League (Great Britain), where they discuss important issues and make decisions about the organization's activities and direction."
field trip,A field trip is an educational experience where students or participants go outside the classroom to learn through direct observation and interaction with real-world environments.
finals,"The **finals** refers to the final stage or competition in a game, where players compete to determine the ultimate winner, often featuring special events, updates, and community engagement."
not,"The word ""not"" is used to negate something, meaning the opposite. It can also be used in phrases and expressions to show disagreement, refusal, or to emphasize something."
nothink,"Nothink è un marchio di scarpe che permette di cambiare facilmente il tacco per adattarsi a diverse occasioni, combinando stile e comfort."
businesswomen,A businesswomen is a woman who owns and operates a business.
emails tells me,"The word ""emails tells me"" refers to receiving information or notifications through email messages."
triggered,"Triggered means caused to happen or to act, often in response to something specific. It can also mean excited or agitated, especially in a strong way."
sarcasm,"Sarcasm is the use of bitter or mocking words, often disguised as humor, to express contempt or cause pain. It is typically seen as a negative way to deal with anger or frustration."
not,"The word ""not"" is used to negate something, meaning the opposite. It can also be used in phrases and expressions to show disagreement, refusal, or to emphasize something."
irony,"Irony is a situation where the opposite of what is expected happens, often in a surprising or humorous way. It can also involve saying the opposite of what is meant."
bluetick,"A Bluetick Coonhound is a dog breed known for being sweet, affectionate, and having a strong prey drive. They are often referenced in music and are also the breed of Huckleberry Hound."
stefjamesmusic,"The provided information does not mention ""stefjamesmusic."" Therefore, no definition can be provided based on the given text."
london,"London is a city and the capital of England, known for its rich history, cultural landmarks, and important political and administrative roles. It is also the center of the Greater London area."
uk,"The UK stands for the United Kingdom, which is a country made up of England, Scotland, Wales, and Northern Ireland. It is also sometimes referred to as Britain, though the official name is the United Kingdom."
hereditary,"The word ""hereditary"" refers to something that is passed down through family lines, such as traits, diseases, or rights."
baronet,"A baronet is a title of honor, often used to describe someone who has been recognized for their achievements or contributions, and it can also refer to a type of coffee roaster or brand, such as Baronet Coffee, which is known for its high-quality coffee since 1930."
ahite,"Ahite refers to a term associated with various cultural and spiritual contexts, including Buddhism, Hinduism, and other Indian traditions. It is also linked to a person named Ericka Ahite and a stock photo resource."
randballsstu,"The word ""randballsstu"" refers to a user profile on the Bluesky social media platform. It is associated with content related to Minnesota Twins baseball, including articles and discussions about the team, trades, and odds."
floyding,"Floyding refers to the musical style or performances by the band Keep Floyding, which is known for playing concerts in venues like A38, Várkert Bazár, and KisHall @ Akvárium Klub in Budapest, Hungary. It is associated with their setlists, tour dates, and music."
moh,"MOH is the stock ticker symbol for Molina Healthcare, Inc., a healthcare company."
irony,"Irony is a situation where the opposite of what is expected happens, often in a surprising or humorous way. It can also involve saying the opposite of what is meant."
tf,"TF stands for ""the fuck"" and is used as an informal, expressive way to show disbelief, frustration, or emphasis in text messages or online communication."
bc,"BC stands for Bakersfield College, a community college that offers educational programs, supports student experiences, and provides various services and events for its students and the community."
fucccck,"The word ""fucccck"" is an informal and exaggerated expression used to show strong frustration, surprise, or disbelief, often in a humorous or sarcastic way. It is a variation of ""fuck"" and is typically used in casual speech."
decemberbessen,"Decemberebessen zijn vruchten die in de winter, rond de maand december, rijpen. Ze zijn een belangrijk voedsel voor wintervogels."
myperiod,"MyPeriod is an educational charity that provides information and support related to periods, run by Hey Girls CIC. It offers resources, advice, and a period tracker app."
im,"The word ""IM"" refers to a website builder tool used to create websites easily and quickly without needing coding skills. It is part of a platform called IM Creator, which helps users build and manage websites with a user-friendly editor."
didnt,"""Didnt"" is a contraction of ""did not,"" used to indicate that something did not happen or was not done."
rbrnetwork,"The term ""rbrnetwork"" refers to a network involving the RETINOBLASTOMA-RELATED (RBR) protein in plants, specifically in *Arabidopsis thaliana*, and is related to its roles and regulation in biological processes."
graves,"Graves is a surname, often referring to a person's family name. In the context provided, it is associated with the designer Michael Graves, known for his work in architecture, design, and branding."
lol,"""lol"" is an informal way of saying ""laugh out loud,"" often used in text messages or online to show that someone finds something funny. It can also be used as a verb, and in some cases, it's combined with other words like ""lolwut"" to express confusion or bemused laughter."
ultimate squad,"**Ultimate Squad** is a series of cards in a trading card game, typically part of the Unison Warrior Series, featuring characters and abilities related to ultimate power and teamwork. These cards are available in various tournaments and come in different rarities, types, and colors."
maxbertellotti,"Maxbertellotti is a person's name, likely referring to Max Bertellotti, who is associated with a stealth startup and has a LinkedIn profile."
bachpan,"Bachpan is a brand that offers trendy kids' clothing, toys, and footwear, rooted in a legacy of trust and tradition. It was founded in Hyderabad and is popular in Telangana and Andhra Pradesh."
iifes,An IIFE (Immediately Invoked Function Expression) is a function that is defined and executed right away. It is used to create a closure and avoid polluting the global scope.
handiwork,"Handiwork refers to items made by hand, often with creativity and care, and is associated with a community that supports local makers and crafters."
coyotes,"Coyotes are wild dogs that live in North America. They are predators that hunt animals like elk and bison, and they sometimes fight with other animals like bobcats and cougars. They can also be aggressive toward humans if they lose their fear. Eastern coyotes are larger than western coyotes."
browns,"The word ""Browns"" refers to the Cleveland Browns, which is the name of a professional American football team based in Cleveland, Ohio. They are part of the National Football League (NFL)."
tail,"The word ""tail"" in this context refers to a brand name, ""Tail Activewear,"" which sells women's active apparel for sports like golf and tennis. It is not related to the animal body part."
scoped out,"Scoped Out is the name of a website owner based in Australia, with the ABN 15606844133. They operate a website and set the terms and conditions for users, while also handling privacy and legal matters related to their online services."
k,"The word ""k"" in this context likely refers to ""K-Swiss,"" a brand known for tennis and pickleball shoes and apparel. It is also associated with loyalty programs, sponsorships, and specific technologies like K-Frame."
psyched,"Psyched means feeling calm and relaxed, especially after using a calming product like a mushroom supplement. It also refers to being excited or enthusiastic about something."
worst team in nba history,"The worst team in NBA history is the 2011–12 Charlotte Bobcats, which had the worst record in NBA history with a 34–48 season, and also held the lowest winning percentage (.106) in a season."
blount,"Blount is a family name associated with a business that includes a clam shack, a food truck, a market, and a soup store, all owned by Todd Blount, the president of Blount Fine Foods. The business also offers various food items and promotions, and engages with customers through social media."
white,"White is a color that represents the absence of color, often described as the lightest and most neutral shade. It can also refer to something that appears light in color, or to a surface that reflects all colors of light equally."
action,"An **action** is a specific step or measure taken to achieve a goal, such as promoting a circular economy. In this context, it refers to the planned activities implemented by the EU to support sustainable development and resource efficiency."
not nothink,"The word ""not nothing, not enough"" expresses a feeling of partial fulfillment or incomplete satisfaction, suggesting that something is present but insufficient."
catching up with the whole semesters lectures,"Catching up with the whole semesters lectures means to review and learn all the material that was taught during a full semester, usually because you missed some classes or need to make up for lost time."
winning,"Winning is the act of achieving success or victory, often in a competitive situation. It refers to the actual accomplishment of a goal, rather than just expecting or anticipating it. Winning involves systematic effort and rational thinking to achieve the desired outcome."
sarcasm,"Sarcasm is the use of bitter or mocking words, often disguised as humor, to express contempt or cause pain. It is typically seen as a negative way to deal with anger or frustration."
nothink,"Nothink è un marchio di scarpe che permette di cambiare facilmente il tacco per adattarsi a diverse occasioni, combinando stile e comfort."
scoffs,"Scoffs means to show contempt or mockery, often through derisive words or actions. It can also mean to eat greedily or to seize something quickly."
humble pie,"Humble pie is an idiom that refers to a situation where someone is made to feel ashamed or embarrassed, often by being forced to admit a mistake or accept a punishment."
nothink,"Nothink è un marchio di scarpe che permette di cambiare facilmente il tacco per adattarsi a diverse occasioni, combinando stile e comfort."
fmq,"An FMQ is an electromagnetic flow meter used for measuring the flow of conductive liquids. It is versatile, reliable, and suitable for various applications like dosing and filling. It also supports CIP control and IO-Link technology."
wm,"WM is an abbreviation that can stand for ""William & Mary,"" a historic university in Virginia, or it can refer to the ""WM Phoenix Open,"" a professional golf tournament."
irony,"Irony is a situation where the opposite of what is expected happens, often in a surprising or humorous way. It can also involve saying the opposite of what is meant."
tbt,"TBT stands for Time to Bottom, which measures how long it takes for a webpage to load visually after the top of the page is displayed, affecting user experience and performance scores like Lighthouse."
not,"The word ""not"" is used to negate something, meaning the opposite. It can also be used in phrases and expressions to show disagreement, refusal, or to emphasize something."
dont,"The word ""don't"" is a contraction of ""do not,"" used to express negation. It is commonly used in everyday speech and writing to say that something is not done or should not be done."
throwback,"A throwback is a card that offers discounted ticket prices for winter activities, and it may be upgraded from a previous RFID card. Its price increases in November and December, and it goes off sale by December 24th."
evil cold,"Evil cold refers to suffering or harm that occurs without human involvement, such as natural disasters or diseases, which raises questions about the existence of a good and powerful God."
depleted,"Depleted means having lost most of its resources or value, often used to describe a stock or resource that has been reduced to a low level."
data,"Data refers to information in digital form, often used in computers and scientific research, which can be collected, stored, analyzed, and shared for various purposes."
automessagers,"Automessagers are automated messages sent in a Minecraft server to inform players about important information, such as rules, events, or updates."
followbackers,"Followbackers are people on Twitter who are followed by many others, but they do not follow anyone back. They are often targeted by follow-back brokers who sell their accounts to others looking for followers."
tsu,"TSU stands for Tennessee State University, a thriving public institution of higher learning. It offers educational programs, campus resources, and services for students, visitors, and staff."
greatdou,"The word ""greatdou"" does not appear to be a standard English word based on the provided information. It may be a misspelling or a term specific to a particular context or book."
shit,"The word ""shit"" is a strong, informal word used to express disgust, frustration, or annoyance. It can also be used casually to refer to something unpleasant or to emphasize a point."
boss,"A boss is a person in charge or someone who leads a group, team, or business."
soclosetilden,"The provided information does not contain a definition for the word ""soclosetilden."" It appears to be unrelated to the content given."
vote,"A **vote** is a way for people to express their choice in an election, usually by selecting a candidate or option on a ballot. It is a fundamental part of democracy, allowing individuals to have a say in how their government is run."
sarcasm,"Sarcasm is the use of bitter or mocking words, often disguised as humor, to express contempt or cause pain. It is typically seen as a negative way to deal with anger or frustration."
resting my shoulder,"Resting your shoulder means to avoid using it to let inflammation and pain subside. It involves keeping your shoulder still, possibly supported by pillows, and maintaining good posture to promote healing."
liabee,"Lia Bee adalah seorang musisi yang dikenal melalui lagu-lagunya, seperti ""Sunset Love (Acoustic)"" dan ""Living a Dream Unplugged (Acoustic)"". Ia juga aktif di platform seperti YouTube dan Apple Music."
clingy moments,"Clingy moments refer to times when someone is very attached or dependent on another person, often seeking constant attention or reassurance."
beasts,"Beasts refer to humans who act in a cruel, violent, or savage manner, often losing their humanity in times of conflict or extreme circumstances."
growing into some kind of beasts,"The word ""growing into some kind of beasts"" refers to the process of developing into a more complex or powerful form, often implying a transformation into something stronger, more dangerous, or more formidable."
grateful,Grateful means feeling thankfulness or appreciation for something that has been done for you.
encouragement,"Encouragement is support and positive words that help someone feel motivated, confident, and hopeful."
pit players v victims,"Pit players are individuals who participate in competitive games, often in a format where players face off against each other, with the goal of eliminating opponents. The term can also refer to players in a ""pit"" setup, which is a type of competitive gaming environment."
they beat,"The phrase ""they beat"" in this context refers to a forceful attempt to erase or suppress memories, especially those related to resistance and struggle. It describes an effort to remove the past from collective consciousness."
sarcasm,"Sarcasm is the use of bitter or mocking words, often disguised as humor, to express contempt or cause pain. It is typically seen as a negative way to deal with anger or frustration."
gay atheists,Gay atheists are people who are both gay and do not believe in God or any higher power. They identify as atheists and also as part of the LGBTQ+ community.
gaytheists,"Gaytheists is a term that refers to a person who is both gay and an atheist, combining the words ""gay"" and ""atheist."""
tits,"Tits are small birds known for their distinctive calls and songs. They are often found in gardens and woodlands, and they adapt their singing behavior in response to environmental factors like urban noise."
sarcasm,"Sarcasm is the use of bitter or mocking words, often disguised as humor, to express contempt or cause pain. It is typically seen as a negative way to deal with anger or frustration."
jim bowen,"Jim Bowen was a British comedian and television presenter, best known for hosting the game show *Bullseye* from 1981 to 1995. He was also an author and sports commentator. He passed away in 2018 at the age of 80."
bullseye,"Bullseye is a character known for his precision and deadly skills, often clashing with heroes like Daredevil and Deadpool. He is a skilled assassin and has a complex relationship with other characters, including being ordered by Osborn to eliminate Daredevil. Bullseye is also known for his resilience and ability to come back after being defeated."
goin,"The word ""goin"" is likely a misspelling or a variation of ""going"" or ""Goin,"" referring to a person's name, such as Suzanne Goin, a chef known for her Meyer Lemon Tart."
rubbingitin,"""Rubbing it in"" means to emphasize someone's failure or misfortune in a way that makes them feel worse."
crap,"Crap is a word that is often used to express disgust or frustration, and it can also be a slang term for waste or something of little value. It is also the name of a company that makes eco-friendly toilet paper and eyewear."
all nighter,"An **all-nighter** is a long period of staying awake, usually throughout the night, often for studying or working."
progoneate,"Progoneate refers to the reproductive tracts in certain millipedes that open near the front of the body, specifically on segment 3."
mariland,"Mariland is a fictional place from the My Melody universe, home to My Melody, Kuromi, and other characters. It exists in the dreams of humans and connects to the real world through a large horn in the sky."
us,"The word ""US"" stands for ""United States,"" which is a country located in North America. It is also commonly used as an abbreviation for ""United States of America."""
states,"States refer to the individual political divisions within a country, such as the 50 states in the United States."
canadian,"A Canadian is a person who is from Canada, a country in North America. Canadians are proud of their unique culture, including their music, food, and symbols like the totem pole and Inuksuk. They also have a strong military and peacekeeping tradition."
provinces,"Provinces are regions within Canada that have their own governments and are part of the federal system, along with three territories. They are part of the country's administrative structure and operate under a constitutional monarchy."
countries,Countries are sovereign states that are members of the United Nations and can join the World Health Organization by accepting its Constitution or through approval by the World Health Assembly. They are also referred to by their regional divisions and are key partners in global health initiatives.
sciencedaily,"ScienceDaily is a news website that provides updates on science and technology. It offers news through email newsletters, RSS feeds, and social media. It is supported by advertisements and referral programs."
sarcasm,"Sarcasm is the use of bitter or mocking words, often disguised as humor, to express contempt or cause pain. It is typically seen as a negative way to deal with anger or frustration."
science,"Science is the systematic study of the structure and behavior of the physical and natural world through observation, experiment, and reasoning."
plane,"Plane is a platform that helps companies manage global payroll, HR, and compliance for contractors and employees. It simplifies payments, saves time, and reduces costs."
d,"Vitamin D is a nutrient that helps the body absorb calcium and maintain healthy bones. It is found in some foods, produced by the skin when exposed to sunlight, and can also be taken as a supplement. Vitamin D levels in the blood are measured by checking the amount of 25(OH)D, which shows how much vitamin D the body has."
convos,"Convos is a simple and responsive IRC client that works on any device and can be installed on a home server, cloud service, or in Docker. It offers an easy way to use IRC with a focus on simplicity and online accessibility."
cums up,"The phrase ""cums up"" is not a standard or commonly used expression. It may be a misinterpretation or a slang term, possibly referring to the act of ejaculating, but it is not a clear or widely recognized phrase."
wrds,"WRDS stands for Wharton Research Data Services. It is a platform that provides global data, research tools, and academic support to help users conduct impactful research."
shitty,"**Shitty** means of very poor quality or extremely unpleasant. It can also mean suffering from illness or distress, or being cruel and unkind. It is often used informally and can have a vulgar tone."
madiba,"Madiba is a nickname for Nelson Mandela, derived from his Xhosa clan name, and is used to show respect and affection for him. It also refers to the traditional garments he wore, known as ""Madiba shirts."""
tech troubleshooting mission,"Tech troubleshooting mission refers to a task or set of tasks aimed at identifying, diagnosing, and resolving technical issues during a space mission, ensuring the success and safety of the mission."
article on madiba,"An **article on Madiba** is a piece of writing that discusses Nelson Mandela, also known as Madiba, focusing on his life, achievements, and impact, particularly his role in the struggle against apartheid in South Africa."
tribe,Tribe is an influencer marketing platform used by brands and agencies to connect with audiences through employee-generated content and media buying.
tweeting good for building tribe,"Tweeting is good for building a tribe because it helps you connect with others, share ideas, and stay active in your community."
irony,"Irony is a situation where the opposite of what is expected happens, often in a surprising or humorous way. It can also involve saying the opposite of what is meant."
notjustice,"The word ""notjustice"" is not a standard term, but based on the context provided, it seems to refer to the idea that justice delayed is still justice, meaning that even if justice is not delivered quickly, it is still considered just when it is finally given. It emphasizes the importance of ensuring that justice is ultimately served, even if it takes time."
dogmatic,"Dogmatic refers to a strong belief that is not open to discussion or reasoning, often in a rigid or inflexible way. It can also describe enforced decisions or ideas that are considered absolute and not to be questioned."
sarcasm,"Sarcasm is the use of bitter or mocking words, often disguised as humor, to express contempt or cause pain. It is typically seen as a negative way to deal with anger or frustration."
contradictions,"Contradictions are opposing ideas, situations, or elements that exist at the same time, often causing confusion or conflict. They can be internal, like conflicts within a system, or external, like opposing forces in society."
abt,"ABT is a global healthcare company that provides innovative solutions and services, focusing on improving health outcomes and supporting organizations through comprehensive and high-quality solutions. It is also listed on the New York Stock Exchange under the ticker symbol ABT."
ur,"The word ""ur"" is an abbreviation that can stand for different things depending on the context. In some cases, it may refer to the University of Richmond or the University of Rochester. It is often used as a short form for these educational institutions."
pti,"PTI stands for Piedmont Triad International Airport, a major airport that serves as a gateway for travel and connects people to various destinations. It also hosts events and services for travelers and the community."
nayapakistan,"Naya Pakistan is a financial investment program in Pakistan that allows both Resident and Non-Resident Pakistanis to invest in Mudaraba-based pools, offering attractive returns through Certificates."
irony,"Irony is a situation where the opposite of what is expected happens, often in a surprising or humorous way. It can also involve saying the opposite of what is meant."
frustration,"Frustration is a feeling of anger, disappointment, and annoyance that comes from being blocked or unable to achieve something you want."
chargers,"The word ""Chargers"" refers to the name of an NFL football team based in Los Angeles. It is also used as part of their official website and social media handles."
broke,Broke means having no money or being in financial difficulty.
fools,"Fools are local groups or chapters that are part of a larger organization, often focused on community service, mentorship, and support, with locations in various cities across the United States and internationally."
uppity,Uppity means acting in a way that shows arrogance or a sense of being better than others. It often has racial connotations because it is commonly used to describe people of color in a derogatory way.
stonewall penalty,"A **stonewall penalty** refers to a clear, obvious penalty that leaves no doubt about the foul, often used in football to describe a blatant or certain infringement."
refs,"**Refs** are a feature in React that allow you to access and manipulate DOM elements or class instance properties directly. They provide more control over when and how elements are referenced, and they can be used in different ways, such as callback refs for fine-grained control."
hadone,"Hadone is a person or entity associated with music, likely an artist or creator, who shares music on platforms like SoundCloud. They also have a connection to a sector or promotion through email addresses provided."
stoke,"Stoke refers to a company named Stoke Therapeutics, which focuses on developing therapies for rare genetic diseases. It is involved in scientific research, patient care, and has a presence in the biotechnology industry."
dont,"The word ""don't"" is a contraction of ""do not,"" used to express negation. It is commonly used in everyday speech and writing to say that something is not done or should not be done."
think,"Think is a verb that means to use your mind to consider, reflect on, or reason about something."
that,"The word ""that"" is used to point out something specific, connect ideas, or introduce a statement. It can also be used to refer back to something mentioned earlier."
you,"You.com is an enterprise AI platform that helps businesses integrate and use AI tools efficiently. It allows companies to connect their data, use AI models, and streamline processes like literature reviews and captioning, saving time and improving productivity."
can,"The word ""can"" refers to the German experimental music band known for their influential work in the late 1960s and 1970s. The band members include Michael Karoli, Jaki Liebezeit, Irmin Schmidt, Holger Czukay, and others. They are recognized for their unique sound and contributions to avant-garde music."
just,"**Just** means exactly or only to a certain degree, or it can mean fair or appropriate. It can also be used to express a small amount or a brief period of time."
use,Use means to put something to a purpose or make it serve a function. It can also mean to employ something in a particular way.
my,"The word ""my"" is used to show possession or to refer to something that belongs to the speaker. It can also be used for emphasis or to express strong feelings."
boyfriend,A boyfriend is a male partner in a romantic relationship with a female.
when,"**When** is a word used to talk about time, such as ""when will you come?"" It can also be used in phrases like ""when it comes to"" or ""when all is said and done"" to introduce a situation or condition."
you,"You.com is an enterprise AI platform that provides a full-stack solution for businesses, offering tools like real-time web search, Private RAG, multi-model routing, and security. It allows users to connect their own data securely and build AI applications more efficiently."
have,"**Have** means to possess or own something, or to experience something. It can also mean to undergo an action or feeling. For example: ""I have a book,"" or ""I have a headache."""
noone,"The word ""noone"" is a variant spelling of ""nobody,"" meaning no person or not anyone. It is used to indicate the absence of a person or the idea that no one exists or is involved in a particular situation."
else,"Else is a brand that focuses on clean label, plant-based nutrition for children, offering products through its stores and an affiliate program where people can earn points and discounts."
not,"The word ""not"" is used to negate something, meaning the opposite. It can also be used in phrases and expressions to show disagreement, refusal, or to emphasize something."
on,"The word ""on"" in this context refers to a brand that makes performance running shoes and clothing, inspired by athletes and powered by Swiss engineering. It encourages movement and innovation for a sustainable future."
my,"The word ""my"" is used to show that something belongs to or is connected with the person speaking. It shows possession or relationship."
watch,"A **watch** is a group or organization that monitors and reports on human rights issues around the world, working to protect people's rights and hold governments and organizations accountable."
snow,"Snow is frozen water that falls from the sky in the form of tiny, white, crystalline flakes. It can accumulate on the ground, creating snow cover, and can be part of various weather events like snowstorms or blizzards."
cars,"**Cars** is a Disney-Pixar franchise featuring anthropomorphic vehicles in a world where they can talk and drive. It includes movies, TV shows, video games, and themed attractions, with popular characters like Lightning McQueen and Mater."
tighten your belt,**tighten your belt** is an idiom that means to reduce spending or make greater efforts to save money or achieve a goal.
pick up the weight,"Pick up the weight means to add weight to something, often referring to increasing the load or mass of an object, such as a vehicle or a person."
sarcasm,"Sarcasm is the use of bitter or mocking words, often disguised as humor, to express contempt or cause pain. It is typically seen as a negative way to deal with anger or frustration."
itsmostlylove,"""itsmostlylove"" is the title of a story about a funk bus journey, featured in The Provincetown Independent."
da,"DA stands for District Attorney, which is the official responsible for representing the government in legal cases, especially those involving crimes, and protecting the public interest."
fishkoi,"FishKoi is a Polish language school that offers courses in Polish, including general and intensive classes, both for individuals and groups. It is based in Wrocław, Poland."
heart,"Heart is a Canadian rock band formed in 1974, known for its powerful vocals and hit songs. The band consists of sisters Ann and Nancy Wilson."
kid,"A **kid** is a young child, typically under the age of 12."
irony,"Irony is a situation where the opposite of what is expected happens, often in a surprising or humorous way. It can also involve saying the opposite of what is meant."
irony,"Irony is a situation where the opposite of what is expected happens, often in a surprising or humorous way. It can also involve saying the opposite of what is meant."
emopostahead,"An *emo post ahead* is a warning that the following content is emotional, possibly sad or deep, and may touch on personal feelings or struggles."
lol,"""lol"" is an informal way of saying ""laugh out loud,"" often used in text messages or online to show that someone finds something funny. It can also be used as a verb, and in some cases, it's combined with other words like ""lolwut"" to express confusion or bemused laughter."
sucky,"Sucky is a slang adjective meaning poor or bad, often used informally to describe something that is not good or satisfactory."
emo,"Emo is a subgenre of rock music characterized by emotional lyrics, melodic guitar work, and a focus on themes like youth, heartache, and introspection. It also refers to a subculture associated with this music, including specific fashion and behavior."
beautifulliar,"""Beautiful Liar"" is a song by Beyoncé and Shakira. It is a popular music track that was released as a single and has a music video. The song received critical acclaim and charted well in various regions."
lovethwayyoulie,"The word ""lovethwayyoulie"" does not have a clear or standard definition based on the provided information. It appears to be a made-up or misspelled phrase."
not,"The word ""not"" is used to negate something, meaning the opposite. It can also be used in phrases and expressions to show disagreement, refusal, or to emphasize something."
ahsfreakshow,"The word ""ahsfreakshow"" likely refers to a user or a community on Reddit related to the TV show *American Horror Story*, as it appears in the context of the subreddit r/AmericanHorrorStory. It may be a username or a term used within that online community."
irony,"Irony is a situation where the opposite of what is expected happens, often in a surprising or humorous way. It can also involve saying the opposite of what is meant."
arsenal,"An **arsenal** is a football (soccer) club based in London, England. It is known for its rich history, passionate supporters, and famous football stadium. The club has a large fan base and is part of the Premier League."
afc,"AFC stands for American Football Conference, which is one of the two main divisions in the National Football League (NFL), consisting of teams from the eastern, northern, southern, and western parts of the United States."
chance,"The word ""chance"" refers to a possibility or opportunity for something to happen. It can also mean a probability or likelihood of an event occurring."
choice,"Choice refers to the act or state of selecting or being free to select. In the context provided, it is also the name of a company that offers home warranties and banking services, emphasizing customer care and value."
permafall,"**Permafall** means falling repeatedly or constantly in a game, often due to a technical issue that prevents the player from staying in the game world."
veer,"Veer is a company that ships products from the nearest warehouse to you, helping to reduce delivery time and cost. They also offer warranties, free shipping, and returns."
shoulder,"The shoulder is a joint where the arm connects to the body, including the glenohumeral joint and the acromioclavicular joint, allowing a wide range of motion."
sucked into ditch,"""Sucked into ditch"" means to be forcefully pulled or drawn into a drainage ditch, often due to strong currents of water, which can be dangerous and even life-threatening."
mondaiiis,"The word ""mondaiiis"" refers to worldly matters or things related to everyday life and society. It often implies concerns or activities that are common or ordinary."
fridaiis,"The word ""fridaiis"" appears to be a misspelling or a mix-up, likely referring to ""Frida"" from the 2018 animated series *Hilda*, not the character from *El Tigre*. It may be a typo or a confused reference."
huweyy,"The word ""huweyy"" is not defined in the provided information. It does not appear in any of the sentences, and no meaning is given for it."
mans,"The word ""mans"" can refer to a group of people, often used in the context of a team or organization, such as the Michigan Association of Non-public Schools (MANS). It can also be a variant spelling of ""men"" or refer to a male person."
necrophilic,Necrophilic refers to a sexual attraction to corpses or dead bodies. It involves a fascination or sexual interest in dead humans or animals.
black,"The word ""black"" refers to a color that is dark and has no color of its own, often described as the absence of light. In the given information, ""black"" is also used as part of the brand name ""BLACK+DECKER."""
azure,"Azure is a cloud computing platform provided by Microsoft, offering a wide range of services for building, deploying, and managing applications and infrastructure over the internet."
vm,"A **VM** (Virtual Machine) is a simulated computer system that runs within another computer, allowing multiple operating systems to run on a single physical machine. It is used for testing, learning, and running applications in isolation."
sarcasm,"Sarcasm is the use of bitter or mocking words, often disguised as humor, to express contempt or cause pain. It is typically seen as a negative way to deal with anger or frustration."
vmcorrupt,"vmcorrupt is a term related to a virtual machine (VM) that has become corrupted, meaning its data or system files are damaged and it may not function properly."
thankyoumicrosoft,"""ThankYouMicrosoft"" is a hashtag used to express gratitude and appreciation for the experiences, growth, and opportunities provided by Microsoft. It often appears in posts from employees or partners reflecting on their time with the company."
startalloveragain,"The word ""startalloveragain"" is not a standard English word. It appears to be a combination of words or a phrase, possibly meant to express the idea of beginning something anew."
buns,"Buns are baked dough products, often sweet, that are typically filled or topped with ingredients like chocolate, sesame seeds, or cinnamon. They can be enjoyed warm or cooled and are commonly used in sandwiches or as a dessert item."
hon,"HON is the stock ticker symbol for Honeywell International Inc., a company that makes various products and services, including aerospace systems, building technologies, and industrial products."
eatenalive,"EatenAlive is an online shop that sells fermented foods like kimchi, sauerkraut, hot sauces, pickles, and other fermented products, along with related ingredients and gifts."
not discovery,"**Not discovery** means that a device or service is not visible or accessible to other devices on a network, and it cannot be found or connected to by others."
form,"Form refers to a structured way of organizing or presenting something, often involving specific elements or steps. In the context provided, ""form"" is used to describe products and services that help individuals achieve their fitness and wellness goals through structured programs and supportive tools."
porn,"Porn is a short form of ""pornography,"" which refers to explicit material, usually involving sexual content, intended to cause sexual arousal."
irony,"Irony is a situation where the opposite of what is expected happens, often in a surprising or humorous way. It can also involve saying the opposite of what is meant."
faulty security,"A faulty security system is one that does not work properly and gives false alarms or fails to detect real dangers. It mistakes harmless things for threats, like a smoke alarm going off from smoke without a fire."
returning my brand new ps,"""Returning my brand new PS"" means sending back a new PlayStation console, usually because it is defective, not working properly, or no longer wanted, in order to get a refund or replacement."
goodjob not,"Goodjob not refers to a situation where the GoodJob system, which is used for handling background jobs, is not functioning properly or is failing to execute tasks as expected. It often indicates an error or issue with job processing."
adhd,"ADHD stands for Attention-Deficit/Hyperactivity Disorder. It is a condition that affects a person's ability to pay attention, control impulses, and manage activity levels, often seen in both children and adults."
irony,"Irony is a situation where the opposite of what is expected happens, often in a surprising or humorous way. It can also involve saying the opposite of what is meant."
tt,"TT is a company name, referring to TT Electronics and TT Club, which are involved in electronics manufacturing, insurance, and related services."
tts,"TTS stands for Text-to-Speech, which is a technology that converts written text into spoken words."
irony,"Irony is a situation where the opposite of what is expected happens, often in a surprising or humorous way. It can also involve saying the opposite of what is meant."
person a,"A person is an individual human being, often used to refer to a specific individual in a particular context, such as an older person in the context of cancer management."
storywasstupid,"The word ""storywasstupid"" refers to a user's opinion that the story of the game *Star Wars Jedi: Survivor* was poorly written and lacked logical reasoning, especially regarding the character's betrayal."
moron,"A **moron** is a term historically used in psychology to describe a person with mild intellectual disability, though the term is now considered outdated and offensive."
great story,"The **Great Story** is an evolving narrative that connects human history, evolution, and spirituality, emphasizing our place in the universe and the interconnectedness of all life. It includes teachings, stories, and reflections on evolution, sacred sites, and the journey of consciousness."
quaking,"Quaking means shaking or trembling, usually because of fear, excitement, or cold."
in,"The word ""in"" is a preposition that shows something is inside or within a place, or that something is included in a group or situation. It can also be used to indicate a position or direction toward something."
his,"HIS stands for Hospice Item Set, which is a set of standardized data items used to collect information about hospice care. It helps in measuring the quality of hospice services and is used for reporting purposes."
boots,"Boots are footwear worn on the feet, typically with thick soles and stiff uppers, designed for protection and support, often used for walking, work, or outdoor activities."
grind the gym,"""Grind the gym"" refers to a fitness gym that focuses on helping individuals achieve their fitness goals through various programs, while also fostering a supportive and community-oriented environment."
man,"A **man** is a human being, typically referring to an adult male. The word comes from Old English ""mann,"" meaning ""person"" or ""human being,"" and is part of a gender binary system in many cultures, where ""man"" is one of the two main genders."
bitch ass,"The word ""bitch ass"" refers to a 2022 horror movie titled *Bitch Ass*, which is described as an amusingly cheesy slasher film. It has a critic score of 82% on Rotten Tomatoes and features a mix of horror, mystery, and thriller elements."
not paneraproteam,"The term ""not paneraproteam"" refers to individuals or groups that are not part of the Panera Pro Teams, which are specialized, paid teams associated with Panera Bread. It is used to distinguish non-employees from those who are officially part of these teams."
irony,"Irony is a situation where the opposite of what is expected happens, often in a surprising or humorous way. It can also involve saying the opposite of what is meant."
zionist,A Zionist is someone who supports the idea of a Jewish state and works to strengthen the connection between Jews and the land of Israel.
extremist,"An **extremist** is someone who holds extreme political, religious, or ideological views and often uses aggressive or violent methods to achieve their goals."
pisses,"Pisses is the third-person singular form of the verb ""to piss,"" meaning to urinate. It can also be used informally to express frustration or annoyance."
plastic,"Plastic is a type of synthetic material that is durable and can be shaped into many forms. It is widely used but can persist in the environment for a very long time, leading to pollution and environmental concerns."
plat,"Plat refers to a company that sells Japanese fishing tackle and equipment online, primarily targeting anglers worldwide. It offers products like rods, reels, and lures, and operates both an international website and a Japanese site."
seen platinum,"""Seen platinum"" refers to a rare or unusual occurrence where a beer bottle is labeled as both Bud Light Platinum and Michelob Ultra, which is an unexpected and uncommon situation."
riff,"A **riff** is a repeated musical idea, such as a melody, rhythm, or motif, that serves as the foundation of a song, especially in genres like jazz, blues, and rock. It is often the main focus of the music and helps to anchor the listener's memory."
dimebag,"Dimebag is a nickname for Darrell Abbott, an American guitarist known for his work with the band Pantera. He was famous in the metal music scene and passed away in 2004."
pantera,Pantera is a heavy metal band known for their aggressive sound and influential role in the metal music scene. They were also involved in launching several cryptocurrency and blockchain-related funds.
origin,"Origin refers to the beginning or source of something, such as where something started or came from."
relation,"A **relation** is a connection or link between two or more things, such as measurements and health indicators, or between members of different groups."
humanrights,"Human rights are the basic rights and freedoms that every person is entitled to, regardless of their race, gender, nationality, or other status. They include the right to life, freedom, equality, and dignity."
bigdata,"BIGDATA is a program by the National Science Foundation (NSF) that focuses on advancing the foundations and applications of big data sciences and engineering. It supports research in critical techniques, technologies, and methodologies related to big data. The program has been archived."
john stockton,John Stockton was a famous basketball player who played as a guard for the Utah Jazz. He is known for his long career and exceptional passing skills. Some people argue he is better than Magic Johnson because of his consistency and all-around game.
commercial,"Commercial refers to activities or services related to business, such as transportation for trade, business travel, or the operation of businesses."
holy crap,"""Holy crap"" is an expression used to show surprise, shock, or disbelief, often in a humorous or exaggerated way."
nbaballot,"The given information does not provide a definition for the word ""nbaballot."""
oakland,"Oakland is a city in California known for its diverse neighborhoods, sports teams, and cultural landmarks. It is home to major sports venues like the Oakland–Alameda County Coliseum and hosts teams in various sports. The city also has a rich history and is part of the San Francisco Bay Area."
robinhosking,"Robin Hosking is an author and poet born in Toronto, known for writing inspirational books that explore themes of love, life, and empowerment."
that,"The word ""that"" is used to point out something specific, connect ideas, or introduce a statement. It can also be used to refer back to something mentioned earlier."
advancedwarfare,"**Advanced Warfare** is a multiplayer-focused first-person shooter game in the Call of Duty series, available on PS4. It offers an active multiplayer community and is often chosen by players who prioritize competitive gameplay over the campaign."
exams,Exams are assessments used to measure the skills and knowledge students have gained from their studies in a subject.
drone strike,"A drone strike is an attack carried out using an unmanned aerial vehicle (UAV) to target people or places, often used in military or conflict situations."
strategy seems to b working so well,"A strategy seems to be working well when it is helping you achieve your goals or solve a problem effectively, and you notice positive results from using it."
not nothink,"The word ""not nothing, not enough"" expresses a feeling of partial fulfillment or incomplete satisfaction, suggesting that something is present but insufficient."
work bus,"A ""work bus"" is a term used to describe an episode of the TV show *The Office* (U.S. version) titled ""Work Bus,"" which aired in Season 9. The episode is known for its humor, the dynamic interactions between characters like Jim and Pam, and Jim and Dwight, though it received some criticism for Andy's character portrayal. It was well-received by critics and viewed by over 4 million people."
jk,"JK stands for J.K. Rowling, a British author best known for writing the Harry Potter book series."
not,"The word ""not"" is used to negate something, meaning the opposite. It can also be used in phrases and expressions to show disagreement, refusal, or to emphasize something."
stilljk,"""Stilljk"" appears to be a combination of the names ""Still"" and ""J-K.Vernay,"" likely referring to a person or team member involved in a racing event, possibly as a driver or crew member. It is not a standard word and seems to be a name or identifier used in the context of motorsports."
fatbro,"**Fatbro** is a catering business that provides food services, especially for expats. It also has an online community where people can share stories, ask questions, and offer advice."
alp,"Alkaline phosphatase (ALP) is an enzyme found in the body that is measured in blood tests. It comes mainly from the liver and bones, and high levels may indicate liver disease or bone disorders."
jrobertsonmp,"The provided information does not include a definition for ""jrobertsonmp."" It appears to be a username or identifier, possibly related to the University of Utah Health website or system."
scapegoat,"A scapegoat is a person or group that is unfairly blamed for problems or issues, often to relieve others of guilt or responsibility."
excuse,"An excuse is a reason given to justify or explain something, often to make it seem acceptable or to avoid blame."
lame duck,"A **lame duck** session is when Congress meets after a November election but before the new Congress begins, to handle unfinished business."
singleology,"Singleology is a movement and brand that celebrates and supports people who are single, encouraging them to embrace their single life on their own terms. It promotes confidence, humor, and self-expression for those who choose to be single."
irony,"Irony is a situation where the opposite of what is expected happens, often in a surprising or humorous way. It can also involve saying the opposite of what is meant."
positions,"""Positions"" is the title of Ariana Grande's sixth studio album, released on October 23, 2020."
long,"A **long** is a data type in programming that represents a 64-bit signed integer. It can store whole numbers ranging from -9,223,372,036,854,775,808 to 9,223,372,036,854,775,807. It is used to handle large integer values and has methods for various operations like comparison, decoding, and mathematical calculations."
feeder cattle,Feeder cattle are young cattle that are raised for meat and are typically sold for feeding rather than for slaughter. They are often traded in markets and their prices are tracked through futures contracts.
not a clue,""" Not a clue"" means someone does not understand or know anything about a situation."
troll,"A troll is a supernatural being from Nordic folklore, often depicted as a large, ugly creature that lives in forests or near water. It can also refer to a person who posts provocative or false comments online."
not,"The word ""not"" is used to negate something, meaning the opposite. It can also be used in phrases and expressions to show disagreement, refusal, or to emphasize something."
iknow,"IKNOW is a skincare brand that offers products like the ""Me Set"" and focuses on community engagement, exclusive news, and special promotions. They also have a privacy policy and social media presence."
notthepoint,"The phrase ""not the point"" is used to indicate that something is irrelevant or not important. It is often used to correct or redirect a conversation when someone is talking about the wrong subject."
talkin,"**Talkin** is a platform where people can share their thoughts, opinions, and discussions on various topics. It also refers to the act of speaking or communicating with someone."
that performance,"""That performance"" refers to a specific dance performance by the K-pop group BLACKPINK that became the first K-pop dance video to reach one billion views. It is also used metaphorically to describe a situation or behavior that negatively affects a group or team."
anal,"Anal refers to the back passage or rectum, and it is related to the area around the anus. In medical contexts, it often refers to conditions or diseases affecting this region, such as anal cancer or anal intraepithelial lesions."
threesome,"A threesome refers to a situation involving three people, typically in a sexual context, where all three are involved in an intimate relationship or activity together."
no gas,"""No gas"" refers to a product that does not use compressed gas propellants, making it environmentally friendly and safe for use in areas where gas is restricted."
sarcasm,"Sarcasm is the use of bitter or mocking words, often disguised as humor, to express contempt or cause pain. It is typically seen as a negative way to deal with anger or frustration."
fml,"FML is a financial advisory firm that helps individuals and businesses with tax and audit issues, offering expert guidance to avoid problems and achieve better financial outcomes."
xfactor,"Xfactor is a platform that helps businesses optimize their go-to-market strategies and revenue operations, enabling sales teams to highlight value and grow their businesses."
sci communicator,"A sci communicator is someone who shares scientific knowledge in an engaging and accessible way, often through events, discussions, or creative activities aimed at the public."
exaggerating,Exaggerating means saying or representing something as being worse or more serious than it really is.
pr,"PR stands for Public Relations, which is the practice of managing the spread of information between an organization and the public to create a positive image and maintain good relations."
irony,"Irony is a situation where the opposite of what is expected happens, often in a surprising or humorous way. It can also involve saying the opposite of what is meant."
logically,"Logically means in a way that is based on reason, logic, and sound judgment, often relating to clear and consistent thinking or reasoning."
not,"The word ""not"" is used to negate something, meaning the opposite. It can also be used in phrases and expressions to show disagreement, refusal, or to emphasize something."
fully,Fully means completely or entirely.
compute,"Compute refers to the process of performing calculations, processing data, or executing tasks using a computer system. It is also the term used for Google Cloud's service that provides virtual machines and infrastructure for running applications and workloads."
less,"**less** is a free, open-source file pager used to view the contents of text files page by page. It is commonly available on Linux, Unix, Mac OS, and other operating systems."
protection,"Protection refers to the act of safeguarding someone or something from harm, damage, or danger. It can also mean the measures taken to ensure safety and security."
deadly,Deadly means causing death or likely to result in death.
virus,"A virus is a tiny infectious agent made of nucleic acid (DNA or RNA) surrounded by a protein coat. It cannot reproduce by itself and must use a host cell to make copies, often leading to the host's death."
ebola,"Ebola is a severe viral disease caused by the Ebola virus, which leads to symptoms like fever, vomiting, and bleeding. It is highly contagious and can be deadly if not treated promptly."
get,"The word ""get"" is a versatile verb that means to obtain, receive, or become something. It can also mean to move or start doing something, or to experience a feeling or situation. For example: get money, get angry, get ready."
ebola,"Ebola is a severe and often deadly viral disease caused by the Ebola virus. It leads to symptoms like fever, vomiting, and bleeding, and can be transmitted through contact with bodily fluids of an infected person."
watch for,"""Watch for"" means to observe or monitor something carefully, often to detect changes or specific events."
r,"R is a programming language and software environment primarily used for statistical computing, data analysis, and graphical visualization. It is widely used in academia, research, and industry for its powerful data manipulation and analysis capabilities."
isle,"An isle is a small island, often used to describe a piece of land surrounded by water, such as Isle Royale or Isle, MN."
closed ppl,"The term ""closed PPL"" likely refers to a private pilot license (PPL) that is not open to the public or is restricted in some way, such as being unavailable for discussion or access in certain forums or communities."
appreciates me as a human,"The word ""appreciates me as a human"" means someone values and recognizes my worth, contributions, and existence as a person."
xp,"XP is a version of the Windows operating system, originally released in 2001. It includes several editions such as Windows XP Home, Professional, and Tablet PC Edition."
nerd,"A nerd is someone who is deeply interested in a specific subject, often to the point of expertise, and may have a stereotypical appearance or fashion style."
rejected,Rejected is an adjective that means not accepted or approved. It describes something that has been refused or turned down.
speaker,"A speaker is a person who speaks, especially in a public or formal setting, such as a politician who addresses the public or media."
sarcasm,"Sarcasm is the use of bitter or mocking words, often disguised as humor, to express contempt or cause pain. It is typically seen as a negative way to deal with anger or frustration."
murdered baby,"A murdered baby is a baby who has been killed by another person, often in a violent or intentional act."
black man in us,"A **black man in the US** is a man who is of African descent and resides in the United States. He may face unique social, economic, and historical challenges, including disparities in life expectancy, systemic racism, and issues related to justice and equality."
avon gorge,"The Avon Gorge is a deep valley located on the River Avon in Bristol, England. It was formed during the last ice age when glaciers forced the river to carve a new path through soft rock."
jolly day,"A Jolly Day is a festive event at the Zoo, usually held during the holiday season, offering special activities, entertainment, and holiday-themed fun for visitors."
sarcasm,"Sarcasm is the use of bitter or mocking words, often disguised as humor, to express contempt or cause pain. It is typically seen as a negative way to deal with anger or frustration."
killer,A killer is someone or something that causes death or harm to others.
white van man,"A ""White Van Man"" is a colloquial term for a working-class tradesman in the UK, often associated with someone who drives a white van and performs various handyman tasks."
yuk,"Yuk is a person's name, specifically referring to Jihey Yuk, a pediatrician at UC Davis Health System who specializes in providing comprehensive care to children, with a focus on vulnerable pediatric populations such as those in foster care."
naff,"Naff is a British informal adjective meaning dull, unexciting, or lacking in style. It is often used to describe something that is not interesting or fashionable."
xmas,"Xmas is a shortened form of ""Christmas,"" where the ""X"" stands for the Greek letter chi, which is the first letter of the Greek word for ""Christ."" It is used as a convenient way to write Christmas, while still honoring its religious roots."
fiver,"Fiver is a term associated with a community and charitable organization, likely related to advocacy, fundraising, and supporting various causes, as indicated by references to events like ""Sip & Give 2025"" and ""Annual Benefit."""
early kick off,"Early kick off refers to football matches that start earlier than usual, often to accommodate television broadcasting schedules, which can cause disagreement among fans about fairness and convenience."
tonite,"""Tonite"" is a variant spelling of ""tonight,"" meaning the current night or evening."
lol,"""lol"" is an informal way of saying ""laugh out loud,"" often used in text messages or online to show that someone finds something funny. It can also be used as a verb, and in some cases, it's combined with other words like ""lolwut"" to express confusion or bemused laughter."
the hill,"The Hill is a unique neighborhood in St. Louis known for its community events, Italian heritage, and local businesses. It has a neighborhood association and business association that work together to improve safety and support the community."
mud sliding down that hill,"Mud sliding down that hill refers to the movement of soil and mud downhill, often caused by water saturation and erosion, which can damage property and land."
buffet  steve miller concert,"A ""buffet"" in the context of a concert refers to a type of event where multiple bands or artists perform together, often as part of a larger concert series or festival. In this case, the ""buffet"" refers to a concert featuring Jimmy Buffett, Steve Miller Band, and Little River Band in 1978 in Orlando, Florida."
snow,"Snow is frozen water that falls from the sky in the form of small, white flakes. It is a type of precipitation that occurs when water vapor in the atmosphere freezes into ice crystals."
stripper,"A stripper is a person who performs striptease, usually in a strip club or private event, as part of their job."
hangs,"Hangs means that a program or process stops responding and does not continue executing, often appearing to be frozen or stuck."
bffz,"Bffz is an informal way of writing ""best friends forever"" and is used to refer to close friends."
u,"The word ""U"" refers to a nonimmigrant visa status in the United States for victims of crimes, also known as the U visa. It allows victims to stay in the U.S. temporarily while they cooperate with law enforcement investigations."
godfathers,"Godfathers is a pizza restaurant chain known for its hearty, delicious pizzas with generous toppings. It has locations in various areas, though some have closed, with the remaining ones offering takeout service. The quality of the pizza can vary between locations."
asian values,"Asian values are a set of beliefs promoted by some Asian leaders and thinkers as an alternative to Western ideas like democracy and human rights. They emphasize values such as tradition, community, and economic development, and are seen by some as contributing to Asia's economic growth. However, critics argue these values can support authoritarianism and hide weaknesses in economic models."
stupid,"Stupid refers to a choice or action that is unwise, unreasonable, or lacking in sense, especially when it is clearly not a good option."
irony,"Irony is a situation where the opposite of what is expected happens, often in a surprising or humorous way. It can also involve saying the opposite of what is meant."
rt,"RT is a news media organization that provides breaking news, world news, and entertainment content. It also offers a mobile app for Android users to watch videos and manage their viewing lists."
jamieyuccas,"The provided information does not mention ""jamieyuccas,"" so I cannot define it based on the given text."
selfiestick,"A selfiestick is a tool used to help take selfies or videos, often with a camera like the Insta360, making it easier to capture photos or footage from a distance."
radical islam,"Radical Islam is an ideology that opposes government authority and is rooted in strict interpretations of Islamic teachings. It has historical influences from early Islamic groups and modern movements like Salafism and Wahhabism, and is often associated with antigovernmental views."
satans army,"Satan's army refers to a group of demons who are trained and organized to carry out evil actions against humans, following the leadership of Satan."
peshawarattack,"The **Peshawar attack** refers to a terrorist attack that occurred on December 16, 2014, at the Army Public School in Peshawar, Pakistan. It involved a suicide bombing and mass shooting, resulting in the deaths of 155 people, including students and staff."
bullshit,"Bullshit refers to false, meaningless, or deceptive information that is presented as serious or truthful, often with the intent to mislead or manipulate. It can also describe insincere or empty speech, especially in a workplace or political context."
rip off,"A **rip-off** is a cheap, exploitative imitation of something else."
u idiots,"The phrase ""u idiots"" is used to express frustration or disappointment towards someone, often in an informal and dismissive way, implying that the person is acting foolishly or making poor decisions."
broken down,"""Broken down"" means worn out or in bad condition, often from use or damage. It can also describe someone who is weak or exhausted."
justin bieber,"Justin Bieber is a Canadian singer and songwriter who became a global pop star in the late 2000s. He is known for his music, public persona, and various awards, including MTV Europe Music Awards."
my philosophy professor,"A philosophy professor is a teacher who specializes in teaching philosophy, which is the study of ideas about existence, knowledge, values, and reasoning."
everyone,"Everyone is a pronoun used to refer to all people in a group, often in a general sense. It is typically used in formal or written contexts. ""Everybody"" is a more informal way of saying the same thing."
sarcasm,"Sarcasm is the use of bitter or mocking words, often disguised as humor, to express contempt or cause pain. It is typically seen as a negative way to deal with anger or frustration."
broken down,"""Broken down"" means worn out or in bad condition, often because of use or damage. It can also describe someone who is weak or exhausted."
exert,"Exert means to use effort or energy, often to achieve something, such as exerting yourself to complete a task. It can also refer to the act of using effort, called exertion."
influence,"Influence refers to the ability to affect or change someone's opinions, actions, or behavior, often through expertise, charisma, or consistent content sharing, especially in online communities."
progressed,"Progressed means to move forward or develop in a process, often in a positive or continuous way. It can also refer to the past tense of the verb ""to progress."""
mhairiduncan,"The provided information does not offer a definition for the word ""mhairiduncan."" It appears to be an error message or unrelated text."
cr,"CR stands for ""Consumer Reports,"" which is a well-known organization that tests and rates products like mattresses, office chairs, printers, smartphones, and more to help consumers make informed buying decisions."
prg,"PRG stands for Production Resource Group, a company that provides lighting, rigging, and automation equipment for the entertainment industry. It is known for creating products like Best Boy Wash, Ground Control, and spaceframe, and has expanded globally through acquisitions."
irony,"Irony is a situation where the opposite of what is expected happens, often in a surprising or humorous way. It can also involve saying the opposite of what is meant."
myth,"A myth is a symbolic, thematic narrative that functions within a culture, often used to explain aspects of human experience and is studied through various interdisciplinary approaches in myth criticism."
figment,"A figment is something that is imagined or created, often not real."
delusional,Delusional refers to a false belief that is firmly held despite clear evidence to the contrary. It is often seen in mental health conditions where a person is convinced of something that is not true.
imagination,"Imagination is the ability to create new ideas, images, or concepts in the mind, often leading to innovative and creative solutions."
hunters run,"Hunters Run is an exclusive country club located near Delray, Florida, offering memberships, career opportunities, and various services like golf and lifestyle activities."
santas sleigh over the rooftops,"The phrase ""Santa's sleigh over the rooftops"" refers to Santa Claus flying his sleigh through the air above buildings, typically during Christmas Eve, as part of the tradition of delivering gifts to children."
one of them,"""one of them"" refers to a person who is part of a group or category, indicating membership in a larger set."
not,"The word ""not"" is used to negate something, meaning the opposite. It can also be used in phrases and expressions to show disagreement, refusal, or to emphasize something."
perfet,"The word ""Perfet"" refers to a series of power MOSFETs used in electronic devices, specifically designed for automotive applications and available in various voltage ratings like 40V, 80V, and 100V."
effigies,"Effigies are images or representations, often made of wood or clay, that resemble a person, typically created for religious or ceremonial purposes, such as in funerals or as symbols of a ruler."
d,"D refers to vitamin D, a nutrient that plays a key role in health, particularly in supporting bone health and immune function. It is found in some foods, produced by the body when skin is exposed to sunlight, and can also be taken as a supplement."
irony,"Irony is a situation where the opposite of what is expected happens, often in a surprising or humorous way. It can also involve saying the opposite of what is meant."
nothink,"Nothink è un marchio di scarpe che permette di cambiare facilmente il tacco per adattarsi a diverse occasioni, combinando stile e comfort."
sarcasm,"Sarcasm is the use of bitter or mocking words, often disguised as humor, to express contempt or cause pain. It is typically seen as a negative way to deal with anger or frustration."
swag,"Swag refers to a brand that makes high-quality golf equipment, such as putters, headcovers, and apparel, and also offers accessories and services related to the golf game."
well,"The word ""well"" refers to a deep hole in the ground from which water is drawn, or it can be used to describe something done effectively or in a good manner."
feelin,"A **feelin** is a sense or feeling, often used informally to express a mood or emotion. It can also refer to a vibe or atmosphere."
not nothink,"The word ""not nothing, not enough"" expresses a feeling of partial fulfillment or incomplete satisfaction, suggesting that something is present but insufficient."
shit,"The word ""shit"" is a strong, informal word used to express disgust, frustration, or annoyance. It can also be used casually to refer to something unpleasant or to emphasize a point."
rainyday,RainyDay is a backdoor malware used by the Naikon group since 2020. It uses RC4 encryption with specific keys and can communicate with command-and-control servers via HTTP. It also uses proxy tools and scheduled tasks for persistence.
nomakeup,"The word ""noMakeup"" refers to a brand that offers makeup and beauty products, focusing on high-quality, effective, and eco-friendly items for face, body, and hair care."
sorrynotsorry,"""SorryNotSorry"" is the name of an ice cream brand known for its high-quality, delicious desserts."
ncaa,"The NCAA is a organization that governs college sports in the United States, overseeing rules, championships, and ensuring fair play across various sports."
sarcasm,"Sarcasm is the use of bitter or mocking words, often disguised as humor, to express contempt or cause pain. It is typically seen as a negative way to deal with anger or frustration."
itstruetho,"The word ""itstruetho"" does not have a clear definition based on the provided information. It does not appear to be a standard word or term in the given context."
donttrustnobody,"The word ""donttrustnobody"" is a phrase that means you should not trust anyone. It suggests a lack of trust in people."
iwokeuplikethis,"The term ""iwokeuplikethis"" refers to a brand or product line, specifically an aerosol dry shampoo offered by Locks & Mane. It is designed to refresh hair between washes and is marketed as a quick fix for maintaining fresh and flawless hair."
so,"The word ""so"" is used to indicate a degree, often meaning ""to such an extent"" or ""as much as."" It can also be used to introduce a conclusion, explanation, or result. For example: ""It was so cold"" or ""So he left."""
idc,"IDC stands for International Data Corporation, a global market research and advisory company that provides insights and analysis on technology, media, and telecommunications industries."
istillloveyou,"""I Still Love You"" is a song by Jennifer Hudson that expresses deep, enduring love."
mo,"MO is an abbreviation for Altria Group, Inc., a company in the tobacco industry that focuses on long-term growth and shareholder returns. It is also used as an abbreviation for ""month"" in financial contexts like ""YTD Return MO"" which means ""Month-to-Date Return."""
planned parenthood,"Planned Parenthood is an American nonprofit organization that provides reproductive and sexual healthcare, education, and support in the United States and around the world."
irony,"Irony is a situation where the opposite of what is expected happens, often in a surprising or humorous way. It can also involve saying the opposite of what is meant."
oxymoron,"An oxymoron is a figure of speech that combines two contradictory words, creating a paradox, often used to highlight conflicts or contradictions."
nothing abt parenting,"The word ""nothing about parenting"" likely refers to a lack of understanding or involvement in raising children, as seen in claims that grandparents know little about parenting or that some parenting styles are misunderstood. It suggests that parenting is not as simple or straightforward as some might believe."
fubar,"FUBAR is a Netflix original comedy series that features Arnold Schwarzenegger and follows a group of misfit military officers in a satirical take on the military. It has had two seasons, with the second season premiering in 2025."
terrrible,"Terrrible means very bad or unpleasant, often used to describe something that causes frustration or dissatisfaction."
ahh,"Ahh is a dental practice located in Santa Fe, known for its friendly atmosphere, professional staff, and positive patient experiences. It is also the name of a company that tracks financial performance compared to the S&P 500 index."
likee,"Likee is a free app that lets you create, edit, and share short videos with special effects, filters, and live streaming features. It also connects users from different platforms like TikTok and Xiaohongshu."
we heart it,"""We Heart It"" is a website where people can share and discover photos they love, often with a focus on high-contrast and artistic images."
feelings,"Feelings are the perception of bodily changes that accompany emotions, representing an individual's sense of well-being or internal state."
not,"The word ""not"" is used to negate something, meaning the opposite. It can also be used in phrases and expressions to show disagreement, refusal, or to emphasize something."
people,"People is a popular magazine and media brand that covers celebrity news, entertainment, lifestyle, and other topics. It is part of the People Inc. publishing family and offers content through its website, app, and various newsletters."
telling,"The word ""telling"" refers to the act of communicating or sharing information, often in a candid or honest manner. It can also refer to a company that manufactures metal framing products."
ufc,"The UFC (Ultimate Fighting Championship) is a major combat sports organization that promotes and televises mixed martial arts events. It features fighters from around the world competing in various weight classes and has a wide range of media content, including television programs, video games, and music."
conormcgregor, Conor McGregor is a professional mixed martial artist and former UFC champion known for his fighting skills and high-profile career in combat sports.
quotes,"Quotes are short phrases or sentences that express a thought, idea, or piece of advice, often attributed to a specific person. They are used to inspire, educate, or share wisdom."
main stream media,"Mainstream media refers to traditional news and entertainment sources, such as television, radio, newspapers, and major online platforms, that are widely accessible and often considered the primary way people get information."
holder,"A **holder** is someone who holds or possesses something, such as a position, responsibility, or object. In the context of the information provided, ""holder"" refers to a person, like Eric H. Holder, Jr., who holds a professional position or role."
deblasio,"The word ""DeBlasio"" refers to a surname, most notably associated with Bill de Blasio, who was the mayor of New York City. It is also the name of a clothing brand, Amy Page DeBlasio."
et al,"""Et al."" is a Latin term used to refer to other people or things that are not specifically mentioned, often used in academic or formal writing to indicate that there are more contributors or participants involved."
spoiler,"A **spoiler** is a warning that reveals important details or outcomes of a story, movie, or game, often used to alert readers or viewers that they will learn key information that could diminish the surprise or enjoyment of the original content."
nothink,"Nothink è un marchio di scarpe che permette di cambiare facilmente il tacco per adattarsi a diverse occasioni, combinando stile e comfort."
screwed,"Screwed means being in a difficult or stressful situation, often with a sense of helplessness or panic. It can involve problems that stop you from doing normal things, and it may feel like a big challenge to overcome."
sarcasm,"Sarcasm is the use of bitter or mocking words, often disguised as humor, to express contempt or cause pain. It is typically seen as a negative way to deal with anger or frustration."
advancedwarfare,"**Advanced Warfare** is a military-themed first-person shooter video game in the Call of Duty series, featuring futuristic technology and combat scenarios."
fps,"FPS stands for Food Process Solutions. It is a company that focuses on protecting people and property through food processing solutions, and it offers information about its mission, history, careers, and what it does."
matt busby,"Matt Busby was a Scottish football manager and coach, best known for his long tenure as the manager of Manchester United Football Club. He is remembered for building the famous ""Busby Babes"" team and for his significant contributions to the club's success."
manutdstholder,"The word ""manutdstholder"" appears to be a misspelling or a corrupted version of ""mantleholder,"" which could refer to someone who holds or carries a mantle, often symbolizing a role or responsibility. However, based on the provided information, there is no clear definition of ""manutdstholder."""
hunts,"The word ""hunts"" refers to the act of searching for or pursuing something, often used in the context of animals or people searching for prey."
inflamed,"Inflamed means swollen and painful, usually caused by injury, infection, or disease, and often involves redness, heat, and a weakened immune response."
askplaystation,"The word ""askplaystation"" is not defined in the provided information."
not,"The word ""not"" is used to negate something, meaning the opposite. It can also be used in phrases and expressions to show disagreement, refusal, or to emphasize something."
nothink,"Nothink è un marchio di scarpe che permette di cambiare facilmente il tacco per adattarsi a diverse occasioni, combinando stile e comfort."
cando,"Cando is a city in North Dakota, known for its agriculture and hunting, and it has a Pioneer Museum that showcases its history. It also has a medical center and manufacturing industries that contribute to the local economy."
nomore,"NoMore® is a brand that offers wellness products, such as nasal devices and UV sterilizing cases, using technology like Red Light Therapy. It is owned by E-Factory Group Srl and focuses on helping people improve their health and well-being."
notusually,"""notusually"" means that something is not done or expected as a regular or common practice."
aquitter,"Aquitter means to occupy oneself with something, to undertake a task, or to do something. It is a verb from Middle French."
onlysomuch,"The word ""onlysomuch"" means that help or support is useful up to a certain point, but not beyond. It suggests there are limits to how much assistance can be effective."
noob,"A **noob** is someone who is new to a situation, place, or subject and feels inexperienced or clumsy. It often refers to someone who is still learning and may make mistakes, but this feeling can be a sign of growth and learning."
horray,"The word ""horray"" is an exclamation used to express joy, celebration, or excitement. It is often used in phrases like ""Hip hip horray!"" and is similar to ""Hooray"" in English."
ohwell,"""Ohwell"" is a brand or company name, likely associated with customer service and communication, as it provides contact information and is mentioned in the context of subscriptions and support."
full cold,"A **full cold moon** is the full moon that occurs in December, also known as the Cold Moon. It is called this because it appears around the time when winter begins and the weather gets colder. It is also sometimes called the Long Night Moon, as it rises during the longest nights of the year."
one side down,"The phrase ""one side down"" refers to a situation where one part of something is lowered or in a downward position, while the other part remains upright or in an upward position. It is often used to describe an imbalance or a malfunction in devices like desks or network connections."
vitamin netty pot combo blast,"The word ""vitamin netty pot combo blast"" is not a standard term and does not have a clear definition based on the provided information. It appears to be a mix of unrelated words and may not refer to a real product or concept."
anti gamergaters,"Anti-Gamergaters are people who oppose the Gamergate movement, which is known for its association with extremist ideologies like homophobia, transphobia, and alt-right politics. They criticize the movement for promoting hate and misinformation."
sarcasm,"Sarcasm is the use of bitter or mocking words, often disguised as humor, to express contempt or cause pain. It is typically seen as a negative way to deal with anger or frustration."
not,"The word ""not"" is used to negate something, meaning the opposite. It can also be used in phrases and expressions to show disagreement, refusal, or to emphasize something."
nothink,"Nothink è un marchio di scarpe che permette di cambiare facilmente il tacco per adattarsi a diverse occasioni, combinando stile e comfort."
sick,"The word ""sick"" refers to a 2022 pandemic-themed horror-thriller movie that explores themes related to the COVID-19 crisis. It was co-written and produced for Peacock by Kevin Williamson and received mixed reviews."
holidays,"Holidays are days set aside for celebration, rest, or observance, often involving time off from work or school. They can be national, religious, cultural, or personal in nature."
pounding,"Pounding is the action of hitting something repeatedly with force, often used to describe the sound or movement of heavy beats, like in a mill or during a sports event."
hazard,A hazard is a risk or danger that could cause harm or lead to an unwanted outcome.
irony,"Irony is a situation where the opposite of what is expected happens, often in a surprising or humorous way. It can also involve saying the opposite of what is meant."
mealfit,"Mealfit is a catering service that delivers meals to offices and homes, offering healthy and delicious food options."
crossfit,"CrossFit is a high-intensity fitness program that combines functional movements, varied workouts, and constant variation to improve overall physical performance."
kills,Kills means to cause someone's death.
thirstiest,"The word ""thirstiest"" is used to describe something or someone that is very thirsty, often in a humorous or exaggerated way, especially in online communities to refer to a fan's intense interest or dedication to a particular subject, like a music album or a game."
thirst buckets,"A ""thirst bucket"" is a slang term for someone who is overly eager or desperate, often for attention, money, or opportunities. It refers to people who are ""thirsty"" to be desired, sometimes posting online to gain visibility, and can also describe someone who is attracted to ""thirst traps"" — people who are seen as desirable or attention-worthy."
calling other people thirsty,"The word ""calling other people thirsty"" refers to making others feel thirsty, often as a way to encourage them to drink water or fluids."
irony,"Irony is a situation where the opposite of what is expected happens, often in a surprising or humorous way. It can also involve saying the opposite of what is meant."
pixelation,"Pixelation is when a TV picture becomes grainy or blocky, often due to poor signal quality, causing a distorted viewing experience."
moot,"Moot is a term that can refer to a person, often associated with the founder of the online forum 4chan. It can also mean something that is hypothetical or not important, but in this context, it refers to the individual known as Moot, who was involved in legal issues and the development of various projects."
irony,"Irony is a situation where the opposite of what is expected happens, often in a surprising or humorous way. It can also involve saying the opposite of what is meant."
notcies,"The word ""notcies"" is likely a misspelling of ""notices."" It refers to official announcements or public information about events, such as funeral notices, obituaries, or legal notices."
eu,"The EU is a political and economic union of European countries that works together to create laws, manage shared resources, and promote cooperation among its members. It allows free movement of people, goods, and services, and supports research, innovation, and citizen engagement."
hinkley point,"Hinkley Point is a nuclear power station under construction in the United Kingdom, featuring two Pressurized Water Reactors (PWRs) of the EPR-1750 model."
ep,"An EP stands for ""Extended Play,"" which is a music format longer than a single but shorter than an album. It usually contains 2–5 songs and is under 30 minutes."
thirst,"Thirst is a strong desire for water or drink, often caused by lack of fluids in the body."
so,"The word ""so"" is used to indicate a degree, extent, or manner. It can also be used to connect clauses or introduce a conclusion. For example: ""So hot"" means very hot, or ""So he left"" means therefore he left."
freaking,"The word ""freaking"" is used to express strong emotions like fear, anxiety, or frustration, often in a way that shows someone is very upset or overwhelmed. It can also be used for emphasis, like in ""freaking out."""
late,"""Late"" means happening or done at or after the expected or usual time. It can also mean occurring towards the end of a period."
dog in the manger,"The ""dog in the manger"" is a metaphor for someone who prevents others from using something they themselves do not use or need. It comes from a fable where a dog refuses to let a horse eat hay, even though the dog doesn't eat it. The phrase is used to describe spiteful or selfish behavior."
irony,"Irony is a situation where the opposite of what is expected happens, often in a surprising or humorous way. It can also involve saying the opposite of what is meant."
lol,"""lol"" is an informal way of saying ""laugh out loud,"" often used in text messages or online to show that someone finds something funny. It can also be used as a verb, and in some cases, it's combined with other words like ""lolwut"" to express confusion or bemused laughter."
san joaquin valley,"San Joaquin Valley is a region in Central California known for its agricultural production and is home to San Joaquin Valley College, an institution that offers career-focused education and training programs."
food insecurity,"Food insecurity means when a household does not have enough food to meet the needs of all its members, sometimes affecting both adults and children."
irony,"Irony is a situation where the opposite of what is expected happens, often in a surprising or humorous way. It can also involve saying the opposite of what is meant."
poverty,"Poverty is the condition of lacking sufficient resources to meet basic needs such as food, shelter, and healthcare. It affects people in all its dimensions and requires policies and strategies aimed at eradicating it."
drinkin,"The word ""drinkin'"" is a casual, informal way of saying ""drinking."" It is often used in slang or colloquial speech to refer to the act of consuming a beverage."
cuz,"The word ""cuz"" is an informal way of saying ""because."" It is often used in casual speech or writing."
bc,"BC stands for Bakersfield College, a community college that offers educational programs, supports student experiences, and provides various services and events for its students and the community."
irony,"Irony is a situation where the opposite of what is expected happens, often in a surprising or humorous way. It can also involve saying the opposite of what is meant."
decorate,"Decorate means to make something attractive or beautiful, often by adding decorations. It can also mean to honor someone for a particular achievement."
holiday,"A holiday is a day recognized as a public or official day off, often celebrated or observed for cultural, religious, or historical reasons. It may also refer to a day when work is suspended, and in some cases, holidays are adjusted to fall on weekends."
judicial reviews,"Judicial review is a court process where a judge checks if a decision or action by a public body was lawful, focusing on how the decision was made, not whether it was right or wrong."
grayling,"Grayling is a city in Crawford County, Michigan, and also refers to a type of fish. It is also the name of a jewelry brand based in Portland, Oregon, known for handmade and permanent jewelry."
closing,"Closing refers to the action of ending or stopping something, such as a service, program, or facility. It can also mean to bring something to an end or to make something no longer available or accessible."
ilookreallygood,"The word ""ilookreallygood"" does not have a standard meaning and appears to be a string of letters without a clear definition. It may be a typo or a combination of words."
not,"The word ""not"" is used to negate something, meaning the opposite. It can also be used in phrases and expressions to show disagreement, refusal, or to emphasize something."
vt,"VT stands for Vanguard Total World Stock Index Fund ETF Shares, which is an investment fund that tracks the performance of global large-company stocks."
cincy,"Cincy is a nickname for Cincinnati, a city in Ohio, often used to refer to things related to the city, like sports teams or local products."
qb,"QB stands for Quarterback, which is a position in American football where the player is responsible for leading the team's offense by throwing passes, running, and making plays."
gods,"The word ""gods"" refers to divine beings believed to have supernatural powers and control over the universe or natural forces. It can also be used metaphorically to describe people who are seen as powerful or extraordinary."
gift,"A **gift** is something given to someone without expecting anything in return, such as a present, a message, or an act of kindness."
howmanygods,"The word ""howmanygods"" refers to a question about the number of gods worshipped by different religions."
punctuationmatters,"**Punctuationmatters** refers to the importance of using proper punctuation in writing, especially in academic and published contexts, to ensure clarity, precision, and effective communication."
mt,"Mt. SAC is a community college located in California, known for offering a wide range of programs, services, and financial benefits to students."
no,"The word **no** is used here to express refusal, denial, or opposition. It is often used to reject an idea, request, or action. In the context provided, it is used to emphasize a stance against certain things like kings, hunger, and unnecessary items."
bleeding,"Bleeding is the loss of blood from the body, which can happen due to injuries or without any obvious cause. It can be minor or severe and may require medical attention, especially if it is internal or life-threatening."
waterboarding,"Waterboarding is a method of interrogation that involves simulating drowning to extract information, and it is considered a form of torture."
not,"The word ""not"" is used to negate something, meaning the opposite. It can also be used in phrases and expressions to show disagreement, refusal, or to emphasize something."
torture,"Torture is the infliction of physical or psychological pain to force someone to confess, comply, or suffer. It is often used to intimidate, control, or extract information."
defo,"Defo is a slang term short for ""definitely."" It is used to express certainty or confirmation."
gumlegs,"Gumlegs are a type of clothing, often a sleeveless top or shirt, that is worn over leggings or pants and typically has a loose, casual fit."
rbrnetwork,"The term ""rbrnetwork"" refers to a network involving the RETINOBLASTOMA-RELATED (RBR) protein in plants, specifically in *Arabidopsis thaliana*, and is related to its roles and regulation in biological processes."
blacktalkradio,"Black Talk Radio is a radio network that focuses on content related to Black culture, issues, and community, providing a platform for discussions, news, and entertainment that reflect the experiences and perspectives of the Black community."
jumbopaperclips,Jumbo paper clips are large paper clips used for holding papers together.
lecoincanard,"The provided information does not include a definition for the word ""lecoincanard."""
have a wank over,"""Have a wank over"" means to masturbate, often in a crude or exaggerated way, typically involving a lot of laughter or joking about it."
fazzanelli,"The word ""fazzanelli"" does not appear to have a clear definition based on the provided information. It does not seem to be related to the content about JavaScript, browser support, or website issues."
bump,Bump is a social app that lets you connect with friends in real life by sharing locations and hanging out together.
apron,"An apron is a piece of clothing worn over the clothes to protect them, often used in cooking, cleaning, or other activities where clothing might get dirty."
sarcasm,"Sarcasm is the use of bitter or mocking words, often disguised as humor, to express contempt or cause pain. It is typically seen as a negative way to deal with anger or frustration."
barnet,"Barnet is a football (soccer) club based in London, England. It plays in various competitions and has a website with information about matches, fixtures, and tickets."
not,"The word ""not"" is used to negate something, meaning the opposite. It can also be used in phrases and expressions to show disagreement, refusal, or to emphasize something."
sarcasm,"Sarcasm is the use of bitter or mocking words, often disguised as humor, to express contempt or cause pain. It is typically seen as a negative way to deal with anger or frustration."
compton,"Compton is a city in Los Angeles County, California, known for its cultural influence and historical significance."
sarcasm,"Sarcasm is the use of bitter or mocking words, often disguised as humor, to express contempt or cause pain. It is typically seen as a negative way to deal with anger or frustration."
imscared,"**IMSCARED** is a metahorror game that puts the player in a surreal, first-person experience. It is developed and published by Ivan Zanotti's MyMadnessWorks."
protesters,"Protesters are people who demonstrate or show opposition to something, often through public gatherings or actions, to express their views or demand change."
chokehold,"A chokehold is a type of wrestling hold where one person grips the throat of another, often to restrict breathing or cause pain. It can be used in self-defense or as a combat technique."
upset,"An **upset** is a situation where someone unexpected wins or achieves a surprising result, often defeating a stronger or more experienced opponent."
decision,A **decision** is the act of making a choice or the result of deciding something. It can also mean determination or firmness in making a choice.
take the streets,"To take to the streets means to go out into public places, usually to protest or show support for a cause."
mexicos streets,"Mexico's streets are vibrant and lively, filled with people and activity, reflecting the rich culture and energy of the country. They are seen as the lifeblood of the city, offering colorful scenes and opportunities for exploration and connection."
classicdrwho,"**Classic Dr Who** refers to the original British science fiction television series ""Doctor Who"" that aired from 1963 to 1989. It features the first six incarnations of the Doctor and is known for its spooky, serious, and often scary episodes, especially those set on Earth."
not just for girls,"The phrase ""not just for girls"" means that something is suitable or relevant for people of all genders, not only females."
d,"Vitamin D is a nutrient that helps the body absorb calcium and maintain healthy bones. It is found in some foods, produced by the skin when exposed to sunlight, and can also be taken as a supplement. Its levels in the blood are measured by the concentration of 25(OH)D, which reflects both dietary intake and sunlight exposure."
tgif,"TGIF is a slang expression meaning ""Thank God It's Friday,"" often used to express excitement about the weekend. It was also the name of a popular 1990s TV show and a theme song by the band Green Day."
serverlife,"ServerLife is a tip-tracking app that helps users keep track of their earnings, especially for those in the hospitality industry, by allowing them to record and analyze their tips easily."
sarcasm,"Sarcasm is the use of bitter or mocking words, often disguised as humor, to express contempt or cause pain. It is typically seen as a negative way to deal with anger or frustration."
nolife,"**nolife** is a term that refers to a TV channel and online service focused on Japanese culture, including video games, anime, and music. It was launched in 2009 and later became an online archive for its content. The term is also used in gaming communities to describe a playstyle that prioritizes speed and efficiency, often aiming to complete games as quickly as possible."
yelled at by proxy,"Yelled at by proxy means being scolded or criticized indirectly, often through someone else, rather than directly by the person who is upset."
excellent day,"An ""excellent day"" refers to a day when fishing was very successful, with many fish caught and a great experience overall."
sarcasm,"Sarcasm is the use of bitter or mocking words, often disguised as humor, to express contempt or cause pain. It is typically seen as a negative way to deal with anger or frustration."
lol,"""lol"" is an informal way of saying ""laugh out loud,"" often used in text messages or online to show that someone finds something funny. It can also be used as a verb, and in some cases, it's combined with other words like ""lolwut"" to express confusion or bemused laughter."
not,"The word ""not"" is used to negate something, meaning the opposite. It can also be used in phrases and expressions to show disagreement, refusal, or to emphasize something."
tvandsleep,"The word ""tvandsleep"" refers to the relationship between television and sleep, particularly how watching TV can affect the quality of sleep. It highlights the impact of media consumption on sleep patterns."
not,"The word ""not"" is used to negate something, meaning the opposite. It can also be used in phrases and expressions to show disagreement, refusal, or to emphasize something."
boo,"The word ""boo"" refers to a Halloween-themed event called BOO Seattle, which takes place in 2025. It is a mysterious and spooky experience with paranormal elements, lineups, and activities happening at the WAMU Theater. It also includes ticket sales, guides, and special updates for attendees."
fog,"Fog is a visible suspension of tiny water droplets or ice crystals in the air, near the ground, that reduces visibility. It can occur naturally or be created artificially."
work,"Work is the energy transferred when a force acts on an object, causing it to move. It is measured in joules and is closely related to the change in kinetic energy of an object."
thrive,"Thrive means to grow, develop, and succeed in a healthy and positive way."
social,"A social bond is a type of financial instrument that raises funds for projects with positive social impacts, such as improving education, healthcare, or community development. It promotes transparency and accountability in how the funds are used to achieve social benefits."
nature,"Nature refers to the physical world, including all living things, landscapes, and natural processes. It also encompasses the study and understanding of the natural environment and its phenomena."
breastfeed,Breastfeed means to feed an infant with milk from the mother's breasts. It provides nutrition and health benefits for both the baby and the mother.
private,"Private means not public or official; it refers to something personal, not shared with others, or not under public control. It can describe personal matters, independent arrangements, or things kept confidential."
shweeeet,"The word ""shweeeet"" is an informal, exaggerated expression of excitement or approval, often used to show enthusiasm or disbelief."
jennybrew,"The given information does not provide a clear definition for the word ""jennybrew."" It appears to be a username or handle, possibly associated with social media or an online platform."
ohiostate,"""Ohiostate"" refers to The Ohio State University, a large public research university located in Columbus, Ohio. It is known for its academic programs, research opportunities, and campus life."
orevsosu,"""OREVSOSU"" refers to a college football game between Oregon and Ohio State, specifically the game that took place on January 13, 2015, which was the first College Football Playoff National Championship."
i can claim that,"You can claim certain tax credits and deductions when you file your tax return to lower your tax liability. Make sure to check if you qualify for any credits, such as the EITC, and follow the instructions provided by the IRS or your tax software."
right,"A **right** is a fundamental entitlement or permission that someone has, either to be protected from harm (negative right) or to receive certain benefits or services (positive right). It can also mean correct, proper, or the appropriate way to do something."
sica,"SICA is a regional integration system in Central America that promotes cooperation among its member states. It helps resolve disputes and has a headquarters in San Salvador, El Salvador."
pro anti,"""Pro anti"" refers to a stance that supports both proactive measures and opposition to harmful actions, often used in contexts related to health, politics, or social issues. It can also describe a product or movement that balances protection and resistance."
gamergate,"Gamergate was a controversial online movement that began in 2014, primarily focused on issues in the video game industry, such as ethics in journalism and the treatment of women. It later evolved into a broader conspiracy movement with far-reaching and complex impacts on internet culture and politics."
irony,"Irony is a situation where the opposite of what is expected happens, often in a surprising or humorous way. It can also involve saying the opposite of what is meant."
not all,"The word ""not all"" means that only some people or things are included, and not everyone or everything."
stop labeling,"""Stop labeling"" means to cease categorizing or identifying something with a specific label, especially when that label is inaccurate or misleading."
not all,"The word ""not all"" means that not every person or thing is included or applies in a situation. It suggests that only some are involved."
