{
    "accuracy": 0.6988847583643123,
    "precision": 0.6120975378787878,
    "recall": 0.622450864489434,
    "f1": 0.6159581218274112,
    "confusion_matrix": [
        [
            313,
            91
        ],
        [
            71,
            63
        ]
    ]
}