{
    "accuracy": 0.6728624535315985,
    "precision": 0.6100523843930636,
    "recall": 0.6350487660706369,
    "f1": 0.6127280163599182,
    "confusion_matrix": [
        [
            287,
            117
        ],
        [
            59,
            75
        ]
    ]
}