{
    "accuracy": 0.6672862453531598,
    "precision": 0.6093965402232401,
    "recall": 0.6363233338259199,
    "f1": 0.6107736269243671,
    "confusion_matrix": [
        [
            282,
            122
        ],
        [
            57,
            77
        ]
    ]
}