{
    "accuracy": 0.7614795918367347,
    "precision": 0.7740704243857575,
    "recall": 0.7836040053567908,
    "f1": 0.76075991299055,
    "confusion_matrix": [
        [
            320,
            153
        ],
        [
            34,
            277
        ]
    ]
}