{
    "accuracy": 0.75,
    "precision": 0.760543994756677,
    "recall": 0.7702358211593237,
    "f1": 0.749059364548495,
    "confusion_matrix": [
        [
            318,
            155
        ],
        [
            41,
            270
        ]
    ]
}