{
    "accuracy": 0.7653061224489796,
    "precision": 0.7672362724994304,
    "recall": 0.7790663684629138,
    "f1": 0.7631964279851604,
    "confusion_matrix": [
        [
            337,
            136
        ],
        [
            48,
            263
        ]
    ]
}