{
    "accuracy": 0.6159420289855072,
    "precision": 0.643415364150316,
    "recall": 0.6159420289855072,
    "f1": 0.596623861954251,
    "confusion_matrix": [
        [
            288,
            57
        ],
        [
            208,
            137
        ]
    ]
}