{
    "accuracy": 0.6078066914498141,
    "precision": 0.5188982902305719,
    "recall": 0.5219077877937047,
    "f1": 0.5172630817971126,
    "confusion_matrix": [
        [
            280,
            124
        ],
        [
            87,
            47
        ]
    ]
}