{
    "accuracy": 0.7716836734693877,
    "precision": 0.781996855345912,
    "recall": 0.7926112995656105,
    "f1": 0.7707883153261305,
    "confusion_matrix": [
        [
            327,
            146
        ],
        [
            33,
            278
        ]
    ]
}