{
    "accuracy": 0.7691326530612245,
    "precision": 0.7802016943373462,
    "recall": 0.7904971346607479,
    "f1": 0.7682999508528902,
    "confusion_matrix": [
        [
            325,
            148
        ],
        [
            33,
            278
        ]
    ]
}